event_id,catalogue_id,span_key,span_label,recording_id,source_file,channel,fs,morphology,trigger,up_region_start_idx,up_region_end_idx,onset_idx,onset_h,trough_idx,trough_h,snippet_start_idx,snippet_end_idx,snippet_key,onset_slope_raw,max_slope_raw,drop_depth_mv,rise_height_mv,fall_duration_s,peak_to_peak_mv,fall_dominance,rise_frac_used,pre_context_s,post_context_s,detrend_window_s,segment_seconds,same_fraction,slope_sigma,purity,is_pure,cluster_id
id001_r1_1213252,1,id001,ID 1,1,CH0.npy,0,1.0,sharkfin,rise,1212834,1213128,1213252,337.01444444444445,1213351,337.0419444444444,1212809,1213520,id001_r1_1213252,-0.0002887123235075506,-0.0006403797350530149,15.061682018827959,18.234226524227182,99.0,18.65804827435963,0.8072485287502504,0.5,443.0,169.0,4916.666666666667,98.33333333333334,0.6,8.0,1,1,-1
id001_r1_1214169,1,id001,ID 1,1,CH0.npy,0,1.0,sharkfin,rise,1213520,1213814,1214169,337.26916666666665,1214289,337.3025,1213490,1214402,id001_r1_1214169,-0.0004242212595043371,-0.00067730314411657,16.994848071273662,19.355324291153497,120.0,20.0382271188686,0.8481213417962908,0.5,679.0,113.0,4916.666666666667,98.33333333333334,0.6,8.0,1,1,-1
id001_r1_1215146,1,id001,ID 1,1,CH0.npy,0,1.0,sharkfin,rise,1214402,1214794,1215146,337.54055555555556,1215259,337.57194444444445,1214468,1215480,id001_r1_1215146,-0.0004259805993338528,-0.0006958637813293533,18.39448908309954,21.128275803141083,113.0,21.75619243150617,0.8454829189900716,0.5,678.0,221.0,4916.666666666667,98.33333333333334,0.6,8.0,1,1,-1
id001_r1_1216093,1,id001,ID 1,1,CH0.npy,0,1.0,sharkfin,rise,1215480,1215774,1216093,337.80361111111114,1216228,337.8411111111111,1215446,1216460,id001_r1_1216093,-0.0003164025135894144,-0.0007036234419022236,19.90372499686821,20.830235337749915,135.0,22.56508784545952,0.88205838741608,0.5,647.0,232.0,4916.666666666667,98.33333333333334,0.6,8.0,1,1,-1
id001_r1_1217026,1,id001,ID 1,1,CH0.npy,0,1.0,sharkfin,rise,1216460,1216754,1217026,338.0627777777778,1217152,338.09777777777776,1216428,1217440,id001_r1_1217026,-0.00013484698236923554,-0.0007201545987354507,20.250940298985665,23.367693931526713,126.0,23.67434928987694,0.8553958569684907,0.5,598.0,288.0,4916.666666666667,98.33333333333334,0.6,8.0,1,1,-1
id001_r1_1217981,1,id001,ID 1,1,CH0.npy,0,1.0,sharkfin,rise,1217440,1217832,1217981,338.3280555555556,1218090,338.35833333333335,1217413,1218420,id001_r1_1217981,-0.0001901282293590989,-0.0007166847185693659,20.942277665912222,24.56992992376361,109.0,24.754339380886613,0.846004304282999,0.5,568.0,330.0,4916.666666666667,98.33333333333334,0.6,8.0,1,1,-1
id001_r1_1218975,1,id001,ID 1,1,CH0.npy,0,1.0,sharkfin,rise,1218420,1218812,1218975,338.6041666666667,1219099,338.6386111111111,1218389,1219498,id001_r1_1218975,-0.00024523573736817683,-0.0007404232607805816,22.460870574504412,25.571183122030604,124.0,25.71163426844053,0.8735683753122517,0.5,586.0,399.0,4916.666666666667,98.33333333333334,0.6,8.0,1,1,-1
id001_r1_1220047,1,id001,ID 1,1,CH0.npy,0,1.0,sharkfin,rise,1219498,1219988,1220047,338.90194444444444,1220206,338.9461111111111,1219458,1220772,id001_r1_1220047,-0.0004729081612193653,-0.0007436489379182565,26.168103350026062,30.023769237305487,159.0,30.334373065303232,0.8626551566993619,0.5,589.0,566.0,4916.666666666667,98.33333333333334,0.6,8.0,1,1,-1
id001_r1_1221280,1,id001,ID 1,1,CH0.npy,0,1.0,sharkfin,rise,1220772,1221262,1221280,339.24444444444447,1221416,339.28222222222223,1220738,1222144,id001_r1_1221280,-0.0002266559510784305,-0.0007740936415762123,26.986084531252065,33.813706161926305,136.0,35.41250910347576,0.762049490828182,0.5,542.0,728.0,4916.666666666667,98.33333333333334,0.6,8.0,1,1,-1
id001_r1_1222732,1,id001,ID 1,1,CH0.npy,0,1.0,sharkfin,rise,1222144,1222732,1222732,339.6477777777778,1222833,339.67583333333334,1222126,1223439,id001_r1_1222732,-0.0007241613209227893,-0.0007241613209227893,24.824729821020185,35.0779170140284,101.0,37.97734700309635,0.6536720382020416,0.5,606.0,606.0,4916.666666666667,98.33333333333334,0.6,8.0,1,1,-1
id001_r1_1224460,1,id001,ID 1,1,CH0.npy,0,1.0,sharkfin,rise,1223908,1224398,1224460,340.1277777777778,1224635,340.1763888888889,1223864,1225685,id001_r1_1224460,-0.00036473397856634504,-0.0007500414918359122,34.33641334434129,37.38814082174174,175.0,37.96512988541867,0.9044197517029682,0.5,596.0,1050.0,4916.666666666667,98.33333333333334,0.6,8.0,1,1,-1
id001_r1_1226559,1,id001,ID 1,1,CH0.npy,0,1.0,sharkfin,rise,1225966,1226554,1226559,340.7108333333333,1226731,340.7586111111111,1225923,1227763,id001_r1_1226559,-0.0005279125336197232,-0.0007714711999928237,36.782573942936324,41.50698964320315,172.0,42.90507973382213,0.857301144086689,0.5,636.0,1032.0,4916.666666666667,98.33333333333334,0.6,8.0,1,1,-1
id001_r1_1229009,1,id001,ID 1,1,CH0.npy,0,1.0,sharkfin,rise,1228318,1229004,1229009,341.3913888888889,1229228,341.45222222222225,1228263,1230542,id001_r1_1229009,-0.00028975458318925007,-0.0007316197627502685,43.79757991661953,52.31876755970083,219.0,53.401449608305676,0.8201571350191883,0.5,746.0,1314.0,4916.666666666667,98.33333333333334,0.6,8.0,1,1,-1
id001_r1_1231748,1,id001,ID 1,1,CH0.npy,0,1.0,sharkfin,rise,1231062,1231748,1231748,342.15222222222224,1231982,342.21722222222223,1231004,1233386,id001_r1_1231748,-0.0006565277344679765,-0.0006565277344679765,39.00680572192544,50.15048447014925,234.0,57.64936360109252,0.6766216187889752,0.5,744.0,1404.0,4916.666666666667,98.33333333333334,0.6,8.0,1,1,-1
id001_r1_1234786,1,id001,ID 1,1,CH0.npy,0,1.0,sharkfin,rise,1234002,1234786,1234786,342.99611111111113,1235034,343.065,1233940,1236522,id001_r1_1234786,-0.0007177778932775936,-0.0007177778932775936,44.384577357884595,55.21618804554224,248.0,58.91638477295641,0.7533486232892186,0.5,846.0,1488.0,4916.666666666667,98.33333333333334,0.6,8.0,1,1,-1
id001_r1_1238198,1,id001,ID 1,1,CH0.npy,0,1.0,sharkfin,rise,1237334,1238118,1238198,343.94388888888886,1238398,343.99944444444446,1237284,1239598,id001_r1_1238198,-0.00040689678706368193,-0.0006875604267310154,44.838843064572366,56.35130476441924,200.0,56.546110619455916,0.7929606930232367,0.5,914.0,1200.0,4916.666666666667,98.33333333333334,0.6,8.0,1,1,-1
id001_r1_1244389,1,id001,ID 1,1,CH0.npy,0,1.0,sharkfin,rise,1243116,1243508,1244389,345.6636111111111,1244500,345.69444444444446,1243723,1245166,id001_r1_1244389,-0.0001388863930682216,-0.00031609197151516444,9.620101778033796,5.93847512905249,111.0,15.906819809962002,0.6047784467897845,0.5,666.0,666.0,4916.666666666667,98.33333333333334,0.6,8.0,1,1,-1
id003_r1_1132626,3,id003,ID 3,1,CH0.npy,0,1.0,sharkfin,rise,1132293,1132453,1132626,314.61833333333334,1132727,314.6463888888889,1132268,1132813,id003_r1_1132626,-0.0001312928920251255,-0.00017498786610059547,6.3354186372098775,7.804184772709222,101.0,9.19372452001327,0.6891025093713308,0.5,358.0,86.0,1980.0,39.6,0.6,8.0,1,1,-1
id003_r1_1133086,3,id003,ID 3,1,CH0.npy,0,1.0,sharkfin,rise,1132813,1132933,1133086,314.74611111111113,1133241,314.7891666666667,1132774,1133293,id003_r1_1133086,-0.00013668000665748026,-0.00015012083223728268,6.996409155384908,6.408444044275097,155.0,8.66626290227318,0.8073155908470921,0.5,312.0,52.0,1980.0,39.6,0.6,8.0,1,1,-1
id003_r1_1133582,3,id003,ID 3,1,CH0.npy,0,1.0,sharkfin,rise,1133293,1133413,1133582,314.88388888888886,1133721,314.9225,1133258,1133813,id003_r1_1133582,-0.0001412905889746907,-0.00015207945370482312,6.770814647060918,7.400052017734026,139.0,8.48094877987382,0.798355799899272,0.5,324.0,92.0,1980.0,39.6,0.6,8.0,1,1,-1
id003_r1_1134085,3,id003,ID 3,1,CH0.npy,0,1.0,sharkfin,rise,1133813,1133973,1134085,315.0236111111111,1134252,315.07,1133771,1134333,id003_r1_1134085,-0.0001297147324342829,-0.00016187399387365686,7.415944129222362,7.676526817708417,167.0,8.401845266144626,0.8826565943918335,0.5,314.0,81.0,1980.0,39.6,0.6,8.0,1,1,-1
id003_r1_1134580,3,id003,ID 3,1,CH0.npy,0,1.0,sharkfin,rise,1134333,1134453,1134580,315.1611111111111,1134718,315.19944444444445,1134299,1134853,id003_r1_1134580,-0.00016710609687284328,-0.00016710609687284328,6.946846524849059,7.536532244414584,138.0,8.200055151324715,0.8471707075929605,0.5,281.0,135.0,1980.0,39.6,0.6,8.0,1,1,-1
id003_r1_1135086,3,id003,ID 3,1,CH0.npy,0,1.0,sharkfin,rise,1134853,1134973,1135086,315.3016666666667,1135211,315.3363888888889,1134822,1135333,id003_r1_1135086,-0.0001537216408838138,-0.0001537216408838138,6.563328603759356,6.870808717499566,125.0,8.223042900383836,0.7981630016125771,0.5,264.0,122.0,1980.0,39.6,0.6,8.0,1,1,-1
id003_r1_1135576,3,id003,ID 3,1,CH0.npy,0,1.0,sharkfin,rise,1135333,1135493,1135576,315.4377777777778,1135678,315.4661111111111,1135307,1135853,id003_r1_1135576,-0.00016434716607291455,-0.000187302126625849,6.394576760534731,7.489106628322972,102.0,8.432415988757992,0.7583326971842844,0.5,269.0,175.0,1980.0,39.6,0.6,8.0,1,1,-1
id003_r1_1136083,3,id003,ID 3,1,CH0.npy,0,1.0,sharkfin,rise,1135853,1135973,1136083,315.5786111111111,1136319,315.64416666666665,1135794,1136373,id003_r1_1136083,-0.00013065933069630886,-0.00015522085441696531,7.937328218064366,8.03495188716552,236.0,8.412057617498247,0.9435656029689599,0.5,289.0,54.0,1980.0,39.6,0.6,8.0,1,1,-1
id003_r1_1136608,3,id003,ID 3,1,CH0.npy,0,1.0,sharkfin,rise,1136373,1136533,1136608,315.72444444444443,1136717,315.7547222222222,1136346,1136893,id003_r1_1136608,-0.00014833326676588765,-0.00018340683740927788,6.994246710637753,8.348232319899008,109.0,8.787227564541034,0.7959560235883193,0.5,262.0,176.0,1980.0,39.6,0.6,8.0,1,1,-1
id003_r1_1137114,3,id003,ID 3,1,CH0.npy,0,1.0,sharkfin,rise,1136893,1137013,1137114,315.865,1137264,315.9066666666667,1136855,1137413,id003_r1_1137114,-0.00013417081418257149,-0.00016440115949428735,7.467643205071095,7.888698690389495,150.0,8.454865036327142,0.8832362400801961,0.5,259.0,149.0,1980.0,39.6,0.6,8.0,1,1,-1
id003_r1_1137616,3,id003,ID 3,1,CH0.npy,0,1.0,sharkfin,rise,1137413,1137533,1137616,316.00444444444446,1137747,316.04083333333335,1137380,1137933,id003_r1_1137616,-0.00014201008749883948,-0.0001489986085048134,7.196840261038062,7.852638637253884,131.0,8.339937836776834,0.8629369189422461,0.5,236.0,186.0,1980.0,39.6,0.6,8.0,1,1,-1
id003_r1_1138117,3,id003,ID 3,1,CH0.npy,0,1.0,sharkfin,rise,1137933,1138053,1138117,316.1436111111111,1138262,316.1838888888889,1137897,1138453,id003_r1_1138117,-0.00014897607885905328,-0.00016501007585070782,7.805561642037273,8.004495284451018,145.0,8.618235801216734,0.9057029561589941,0.5,220.0,191.0,1980.0,39.6,0.6,8.0,1,1,-1
id003_r1_1138642,3,id003,ID 3,1,CH0.npy,0,1.0,sharkfin,rise,1138453,1138573,1138642,316.2894444444444,1138799,316.3330555555556,1138414,1139013,id003_r1_1138642,-0.0001429466256863965,-0.00016782242539606362,7.807690020409819,7.929329296376353,157.0,9.108488185872066,0.8571883567374133,0.5,228.0,214.0,1980.0,39.6,0.6,8.0,1,1,-1
id003_r1_1139200,3,id003,ID 3,1,CH0.npy,0,1.0,sharkfin,rise,1139013,1139133,1139200,316.44444444444446,1139365,316.4902777777778,1138972,1139613,id003_r1_1139200,-0.0001325805662910906,-0.0001504013328626208,7.685356296443791,7.543387578192617,165.0,8.32072685459262,0.9236400173624091,0.5,228.0,248.0,1980.0,39.6,0.6,8.0,1,1,-1
id003_r1_1139807,3,id003,ID 3,1,CH0.npy,0,1.0,sharkfin,rise,1139613,1139733,1139807,316.61305555555555,1139963,316.6563888888889,1139574,1140293,id003_r1_1139807,-0.00013752392457672125,-0.00015984498401763747,7.086789158118778,7.680998834070918,156.0,8.61549449220439,0.8225632509580455,0.5,233.0,330.0,1980.0,39.6,0.6,8.0,1,1,-1
id003_r1_1140443,3,id003,ID 3,1,CH0.npy,0,1.0,sharkfin,rise,1140293,1140373,1140443,316.7897222222222,1140591,316.8308333333333,1140256,1140592,id003_r1_1140443,-0.00013450393711259,-0.0001652505902557666,7.17634521449928,5.9787318415637225,148.0,7.660992777456965,0.9367382822257977,0.5,187.0,1.0,1980.0,39.6,0.6,8.0,1,1,-1
id008_r1_962708,8,id008,ID 8,1,CH0.npy,0,1.0,trough,fall,-1,-1,962708,267.4188888888889,962713,267.42027777777776,962678,962743,id008_r1_962708,-0.011421652971363105,-0.013643792247541087,41.433836334904605,0.0,5.0,46.37637792118932,0.8934254504591987,0.5,30.0,30.0,70.0,2.0,0.6,8.0,1,1,-1
id008_r1_962836,8,id008,ID 8,1,CH0.npy,0,1.0,trough,fall,-1,-1,962836,267.45444444444445,962841,267.4558333333333,962806,962871,id008_r1_962836,-0.009421722408168048,-0.014549853175983868,42.723620565235045,0.0,5.0,44.265157838904,0.9651749287943547,0.5,30.0,30.0,70.0,2.0,0.6,8.0,1,1,-1
id008_r1_962974,8,id008,ID 8,1,CH0.npy,0,1.0,trough,fall,-1,-1,962974,267.4927777777778,962981,267.4947222222222,962932,963014,id008_r1_962974,-0.011214482384628854,-0.014127436081997874,47.90214852349861,0.0,7.0,51.97374012516603,0.9216606002981123,0.5,42.0,33.0,70.0,2.0,0.6,8.0,1,1,-1
id008_r1_963278,8,id008,ID 8,1,CH0.npy,0,1.0,trough,fall,-1,-1,963278,267.57722222222225,963283,267.5786111111111,963248,963313,id008_r1_963278,-0.004657992477714146,-0.01389429553418342,46.07757193021267,0.0,5.0,46.79399049731941,0.9846899450230092,0.5,30.0,30.0,70.0,2.0,0.6,8.0,1,1,-1
id010_r4_1362676,10,id010,ID 10,4,CH3.npy,3,1.0,trough,fall,-1,-1,1362676,378.5211111111111,1362707,378.52972222222223,1362600,1362776,id010_r4_1362676,-0.00022900629906641434,-0.000384373534030924,5.378897403490179,0.0,31.0,5.469035866405569,0.9835183997477361,0.5,76.0,69.0,150.0,3.0,0.6,8.0,1,1,-1
id010_r4_1362825,10,id010,ID 10,4,CH3.npy,3,1.0,trough,fall,-1,-1,1362825,378.5625,1362830,378.56388888888887,1362795,1362860,id010_r4_1362825,-0.0009967263284174077,-0.002053578438974246,7.298057717607498,0.0,5.0,7.344059023923544,0.9937362559088653,0.5,30.0,30.0,150.0,3.0,0.6,8.0,1,1,-1
id010_r4_1362951,10,id010,ID 10,4,CH3.npy,3,1.0,trough,fall,-1,-1,1362951,378.5975,1362953,378.59805555555556,1362933,1362971,id010_r4_1362951,-0.0003509036315952896,-0.0008270887658484716,1.6541775316969431,0.0,2.0,2.0107183488868863,0.8226798808558541,0.5,18.0,18.0,150.0,3.0,0.6,8.0,1,1,-1
id010_r4_1362991,10,id010,ID 10,4,CH3.npy,3,1.0,trough,fall,-1,-1,1362991,378.6086111111111,1362995,378.6097222222222,1362972,1363019,id010_r4_1362991,-0.000547536785198921,-0.0008002399558634798,1.8655904500515241,0.0,4.0,2.306683439722401,0.8087761059558478,0.5,19.0,24.0,150.0,3.0,0.6,8.0,1,1,-1
id010_r4_1363030,10,id010,ID 10,4,CH3.npy,3,1.0,trough,fall,-1,-1,1363030,378.61944444444447,1363034,378.62055555555554,1363020,1363054,id010_r4_1363030,-0.0003927039096399132,-0.0007523066988250893,2.3369389885353753,0.0,4.0,2.416813621142433,0.9669504375892665,0.5,10.0,20.0,150.0,3.0,0.6,8.0,1,1,-1
id010_r4_1363070,10,id010,ID 10,4,CH3.npy,3,1.0,trough,fall,-1,-1,1363070,378.63055555555553,1363073,378.63138888888886,1363053,1363091,id010_r4_1363070,-0.0004836677922482324,-0.0006845895653866951,1.9008785608559675,0.0,3.0,2.461667569539583,0.7721914138112067,0.5,17.0,18.0,150.0,3.0,0.6,8.0,1,1,-1
id010_r4_1363111,10,id010,ID 10,4,CH3.npy,3,1.0,trough,fall,-1,-1,1363111,378.64194444444445,1363115,378.6430555555556,1363095,1363138,id010_r4_1363111,-0.0001314069411089136,-0.0006416297730069687,2.0143474052758403,0.0,4.0,2.4903573678122237,0.808858773166938,0.5,16.0,23.0,150.0,3.0,0.6,8.0,1,1,-1
id010_r4_1363153,10,id010,ID 10,4,CH3.npy,3,1.0,trough,fall,-1,-1,1363153,378.6536111111111,1363157,378.65472222222223,1363137,1363181,id010_r4_1363153,-0.00014703478942224013,-0.0005938499563818422,1.9777934117329865,0.0,4.0,2.4001520852577896,0.8240283704857647,0.5,16.0,24.0,150.0,3.0,0.6,8.0,1,1,-1
id010_r4_1363197,10,id010,ID 10,4,CH3.npy,3,1.0,trough,fall,-1,-1,1363197,378.66583333333335,1363202,378.6672222222222,1363188,1363231,id010_r4_1363197,-0.000434129105495229,-0.0006198193090158344,2.4944308158952877,0.0,5.0,2.613013424242472,0.9546184465617271,0.5,9.0,29.0,150.0,3.0,0.6,8.0,1,1,-1
id010_r4_1363239,10,id010,ID 10,4,CH3.npy,3,1.0,trough,fall,-1,-1,1363239,378.6775,1363244,378.6788888888889,1363230,1363264,id010_r4_1363239,-0.00022076876759125064,-0.0006326402262386566,2.1504829090640554,0.0,5.0,2.25105407081172,0.9553226361588911,0.5,9.0,20.0,150.0,3.0,0.6,8.0,1,1,-1
id010_r4_1363281,10,id010,ID 10,4,CH3.npy,3,1.0,trough,fall,-1,-1,1363281,378.68916666666667,1363283,378.6897222222222,1363263,1363301,id010_r4_1363281,-0.0006083267056093411,-0.0006515147334875682,1.3030294669751363,0.0,2.0,2.3079769942532247,0.5645764538466502,0.5,18.0,18.0,150.0,3.0,0.6,8.0,1,1,-1
id010_r4_1363323,10,id010,ID 10,4,CH3.npy,3,1.0,trough,fall,-1,-1,1363323,378.7008333333333,1363325,378.7013888888889,1363314,1363343,id010_r4_1363323,-0.0004942449936451432,-0.0006897884994201409,1.3795769988402817,0.0,2.0,2.1734162394779766,0.6347504788919938,0.5,9.0,18.0,150.0,3.0,0.6,8.0,1,1,-1
id010_r4_1363365,10,id010,ID 10,4,CH3.npy,3,1.0,trough,fall,-1,-1,1363365,378.7125,1363367,378.71305555555557,1363353,1363385,id010_r4_1363365,-0.0007246878934142886,-0.0007246878934142886,1.2951691767544293,0.0,2.0,2.2455296749878118,0.5767766915667499,0.5,12.0,18.0,150.0,3.0,0.6,8.0,1,1,-1
id010_r4_1363407,10,id010,ID 10,4,CH3.npy,3,1.0,trough,fall,-1,-1,1363407,378.7241666666667,1363409,378.7247222222222,1363389,1363427,id010_r4_1363407,-0.00022506761017054844,-0.0006819277403884993,1.346491003272221,0.0,2.0,2.170747780516513,0.6202890153142682,0.5,18.0,18.0,150.0,3.0,0.6,8.0,1,1,-1
id010_r4_1363450,10,id010,ID 10,4,CH3.npy,3,1.0,trough,fall,-1,-1,1363450,378.7361111111111,1363454,378.7372222222222,1363437,1363478,id010_r4_1363450,-0.00021465174774049078,-0.0007260340740360971,2.124388532222521,0.0,4.0,2.124388532222521,1.0,0.5,13.0,24.0,150.0,3.0,0.6,8.0,1,1,-1
id010_r4_1363495,10,id010,ID 10,4,CH3.npy,3,1.0,trough,fall,-1,-1,1363495,378.74861111111113,1363499,378.7497222222222,1363482,1363516,id010_r4_1363495,-0.0005209481430203944,-0.0007472569234329152,1.7029202386048548,0.0,4.0,2.159512485131798,0.7885669799685937,0.5,13.0,17.0,150.0,3.0,0.6,8.0,1,1,-1
id010_r4_1363536,10,id010,ID 10,4,CH3.npy,3,1.0,trough,fall,-1,-1,1363536,378.76,1363538,378.7605555555556,1363518,1363556,id010_r4_1363536,-0.00019565782235891893,-0.0007765560811219818,1.334147708205613,0.0,2.0,2.161461481926308,0.6172433417673547,0.5,18.0,18.0,150.0,3.0,0.6,8.0,1,1,-1
id010_r4_1363582,10,id010,ID 10,4,CH3.npy,3,1.0,trough,fall,-1,-1,1363582,378.7727777777778,1363586,378.7738888888889,1363563,1363610,id010_r4_1363582,-0.0003566708748772296,-0.0007658471541213685,1.8981531309755217,0.0,4.0,2.1235845415789045,0.8938439199431295,0.5,19.0,24.0,150.0,3.0,0.6,8.0,1,1,-1
id010_r4_1363628,10,id010,ID 10,4,CH3.npy,3,1.0,trough,fall,-1,-1,1363628,378.78555555555556,1363631,378.7863888888889,1363614,1363645,id010_r4_1363628,-0.0005629336057479395,-0.0008109359636655489,1.855702842903706,0.0,3.0,2.1123602876363945,0.8784973159006539,0.5,14.0,14.0,150.0,3.0,0.6,8.0,1,1,-1
id010_r4_1363674,10,id010,ID 10,4,CH3.npy,3,1.0,trough,fall,-1,-1,1363674,378.79833333333335,1363676,378.7988888888889,1363656,1363693,id010_r4_1363674,-0.00040031560315006987,-0.0007987406938249619,1.5974813876499239,0.0,2.0,2.1181831401391182,0.754175291729026,0.5,18.0,17.0,150.0,3.0,0.6,8.0,1,1,-1
id010_r4_1363721,10,id010,ID 10,4,CH3.npy,3,1.0,trough,fall,-1,-1,1363721,378.81138888888887,1363724,378.8122222222222,1363703,1363742,id010_r4_1363721,-0.0006186761789571116,-0.0008020216299935434,1.845153580939951,0.0,3.0,2.2050838871947587,0.8367725108577615,0.5,18.0,18.0,150.0,3.0,0.6,8.0,1,1,-1
id010_r4_1363769,10,id010,ID 10,4,CH3.npy,3,1.0,trough,fall,-1,-1,1363769,378.82472222222225,1363772,378.8255555555556,1363751,1363783,id010_r4_1363769,-0.0006643875993309623,-0.0008394602918883609,1.563421481381333,0.0,3.0,2.0013123317060844,0.7811981451433635,0.5,18.0,11.0,150.0,3.0,0.6,8.0,1,1,-1
id010_r4_1363817,10,id010,ID 10,4,CH3.npy,3,1.0,trough,fall,-1,-1,1363817,378.83805555555557,1363820,378.8388888888889,1363799,1363838,id010_r4_1363817,-0.0004891817516331498,-0.0008783400657792484,1.8460319950126536,0.0,3.0,1.9610620064655082,0.9413430013566081,0.5,18.0,18.0,150.0,3.0,0.6,8.0,1,1,-1
id010_r4_1363866,10,id010,ID 10,4,CH3.npy,3,1.0,trough,fall,-1,-1,1363866,378.8516666666667,1363868,378.8522222222222,1363848,1363882,id010_r4_1363866,-0.00041338877699687027,-0.0008414217713451633,1.6828435426903265,0.0,2.0,2.1440999745692135,0.7848717702766815,0.5,18.0,14.0,150.0,3.0,0.6,8.0,1,1,-1
id010_r4_1363917,10,id010,ID 10,4,CH3.npy,3,1.0,trough,fall,-1,-1,1363917,378.86583333333334,1363919,378.8663888888889,1363899,1363937,id010_r4_1363917,-0.0004487175614830141,-0.0008307313509052783,1.6614627018105566,0.0,2.0,2.2226112907134388,0.7475273381146379,0.5,18.0,18.0,150.0,3.0,0.6,8.0,1,1,-1
id010_r4_1363971,10,id010,ID 10,4,CH3.npy,3,1.0,trough,fall,-1,-1,1363971,378.8808333333333,1363973,378.88138888888886,1363953,1363991,id010_r4_1363971,-0.0007020045280833331,-0.0007020045280833331,1.3797098547293496,0.0,2.0,2.081875976366665,0.6627243267090526,0.5,18.0,18.0,150.0,3.0,0.6,8.0,1,1,-1
id010_r4_1364023,10,id010,ID 10,4,CH3.npy,3,1.0,trough,fall,-1,-1,1364023,378.8952777777778,1364027,378.8963888888889,1363999,1364051,id010_r4_1364023,-0.00014423497579418854,-0.000730735626094603,2.250407038445257,0.0,4.0,2.250407038445257,1.0,0.5,24.0,24.0,150.0,3.0,0.6,8.0,1,1,-1
id010_r4_1364079,10,id010,ID 10,4,CH3.npy,3,1.0,trough,fall,-1,-1,1364079,378.91083333333336,1364081,378.9113888888889,1364061,1364098,id010_r4_1364079,-0.0005534608949743225,-0.0006566350231858031,1.3132700463716063,0.0,2.0,2.1727098253607746,0.6044387663012202,0.5,18.0,17.0,150.0,3.0,0.6,8.0,1,1,-1
id010_r4_1364133,10,id010,ID 10,4,CH3.npy,3,1.0,trough,fall,-1,-1,1364133,378.92583333333334,1364135,378.9263888888889,1364115,1364153,id010_r4_1364133,-0.0006128232035600978,-0.0006430530578150906,1.2861061156301812,0.0,2.0,2.2401229732127437,0.5741229972681683,0.5,18.0,18.0,150.0,3.0,0.6,8.0,1,1,-1
id010_r4_1364190,10,id010,ID 10,4,CH3.npy,3,1.0,trough,fall,-1,-1,1364190,378.94166666666666,1364192,378.9422222222222,1364172,1364209,id010_r4_1364190,-0.0005950806022605448,-0.0006101294087578202,1.2202588175156404,0.0,2.0,2.4350461280651103,0.5011234914409031,0.5,18.0,17.0,150.0,3.0,0.6,8.0,1,1,-1
id010_r4_1364247,10,id010,ID 10,4,CH3.npy,3,1.0,trough,fall,-1,-1,1364247,378.9575,1364252,378.9588888888889,1364217,1364282,id010_r4_1364247,-0.00030850053389225307,-0.0006755896074825962,2.1479399643036245,0.0,5.0,2.258373256511681,0.9511005136597157,0.5,30.0,30.0,150.0,3.0,0.6,8.0,1,1,-1
id010_r4_1364305,10,id010,ID 10,4,CH3.npy,3,1.0,trough,fall,-1,-1,1364305,378.9736111111111,1364309,378.9747222222222,1364281,1364329,id010_r4_1364305,-0.00015618997442906624,-0.0006529452216792464,2.135634774915185,0.0,4.0,2.4297241239442657,0.878961835160251,0.5,24.0,20.0,150.0,3.0,0.6,8.0,1,1,-1
id010_r4_1364367,10,id010,ID 10,4,CH3.npy,3,1.0,trough,fall,-1,-1,1364367,378.99083333333334,1364372,378.9922222222222,1364337,1364386,id010_r4_1364367,-0.000627516592098476,-0.0006410166032480014,1.844573791737525,0.0,5.0,2.440900680156899,0.7556939152554775,0.5,30.0,14.0,150.0,3.0,0.6,8.0,1,1,-1
id010_r4_1364424,10,id010,ID 10,4,CH3.npy,3,1.0,trough,fall,-1,-1,1364424,379.00666666666666,1364429,379.00805555555553,1364394,1364449,id010_r4_1364424,-0.0005646495446792743,-0.0006391264633053284,2.0912949342605236,0.0,5.0,2.466852220397775,0.8477584984492126,0.5,30.0,20.0,150.0,3.0,0.6,8.0,1,1,-1
id010_r4_1364478,10,id010,ID 10,4,CH3.npy,3,1.0,trough,fall,-1,-1,1364478,379.02166666666665,1364483,379.0230555555556,1364448,1364500,id010_r4_1364478,-0.0006480539024593668,-0.0006480539024593668,1.631261757969793,0.0,5.0,2.531293176898375,0.644438097039632,0.5,30.0,17.0,150.0,3.0,0.6,8.0,1,1,-1
id010_r4_1364532,10,id010,ID 10,4,CH3.npy,3,1.0,trough,fall,-1,-1,1364532,379.0366666666667,1364537,379.03805555555556,1364502,1364557,id010_r4_1364532,-0.00045373584858027227,-0.0006261666498543206,2.282043279803636,0.0,5.0,2.5001920714636805,0.9127471868461953,0.5,30.0,20.0,150.0,3.0,0.6,8.0,1,1,-1
id010_r4_1364589,10,id010,ID 10,4,CH3.npy,3,1.0,trough,fall,-1,-1,1364589,379.0525,1364594,379.0538888888889,1364559,1364614,id010_r4_1364589,-0.0005714353813637274,-0.0005731611280392346,1.9655303172563254,0.0,5.0,2.4586552542102957,0.7994330697199112,0.5,30.0,20.0,150.0,3.0,0.6,8.0,1,1,-1
id010_r4_1364649,10,id010,ID 10,4,CH3.npy,3,1.0,trough,fall,-1,-1,1364649,379.06916666666666,1364654,379.07055555555553,1364619,1364674,id010_r4_1364649,-0.00037535337548910697,-0.0006374191648817473,2.403114808704254,0.0,5.0,2.5185745517535274,0.954156710203839,0.5,30.0,20.0,150.0,3.0,0.6,8.0,1,1,-1
id010_r4_1364715,10,id010,ID 10,4,CH3.npy,3,1.0,trough,fall,-1,-1,1364715,379.0875,1364720,379.0888888888889,1364685,1364740,id010_r4_1364715,-0.0005199787581250948,-0.0005882959138988064,2.1893856752004393,0.0,5.0,2.5355150253822956,0.8634875570774154,0.5,30.0,20.0,150.0,3.0,0.6,8.0,1,1,-1
id010_r4_1364778,10,id010,ID 10,4,CH3.npy,3,1.0,trough,fall,-1,-1,1364778,379.105,1364783,379.1063888888889,1364748,1364803,id010_r4_1364778,-0.00034945514373818654,-0.0005911985041141543,2.3144213289796323,0.0,5.0,2.6326341673308384,0.879127589279207,0.5,30.0,20.0,150.0,3.0,0.6,8.0,1,1,-1
id010_r4_1364846,10,id010,ID 10,4,CH3.npy,3,1.0,trough,fall,-1,-1,1364846,379.12388888888887,1364852,379.12555555555554,1364810,1364876,id010_r4_1364846,-0.0003448179854751987,-0.000585941684470126,2.4448613989260792,0.0,6.0,2.5207962594743227,0.9698766370892352,0.5,36.0,24.0,150.0,3.0,0.6,8.0,1,1,-1
id010_r4_1364917,10,id010,ID 10,4,CH3.npy,3,1.0,trough,fall,-1,-1,1364917,379.1436111111111,1364924,379.1455555555556,1364875,1364948,id010_r4_1364917,-0.00047276974665533267,-0.0005287237118749011,2.4469871612132765,0.0,7.0,2.766112929365794,0.8846302460161359,0.5,42.0,24.0,150.0,3.0,0.6,8.0,1,1,-1
id010_r4_1364988,10,id010,ID 10,4,CH3.npy,3,1.0,trough,fall,-1,-1,1364988,379.16333333333336,1364993,379.1647222222222,1364958,1365016,id010_r4_1364988,-0.0004951725610125579,-0.0005368314643361405,2.0916146079078546,0.0,5.0,2.859671257834595,0.7314178516770038,0.5,30.0,23.0,150.0,3.0,0.6,8.0,1,1,-1
id010_r4_1365063,10,id010,ID 10,4,CH3.npy,3,1.0,trough,fall,-1,-1,1365063,379.18416666666667,1365068,379.18555555555554,1365033,1365088,id010_r4_1365063,-0.0004988976082208052,-0.0005640660525714769,2.2091527437475555,0.0,5.0,2.8108503823371933,0.7859375076060319,0.5,30.0,20.0,150.0,3.0,0.6,8.0,1,1,-1
id010_r4_1365139,10,id010,ID 10,4,CH3.npy,3,1.0,trough,fall,-1,-1,1365139,379.2052777777778,1365146,379.20722222222224,1365097,1365161,id010_r4_1365139,-0.0002745005175832649,-0.0005859862968375928,2.8129194818662384,0.0,7.0,2.8129194818662384,1.0,0.5,42.0,15.0,150.0,3.0,0.6,8.0,1,1,-1
id010_r4_1365216,10,id010,ID 10,4,CH3.npy,3,1.0,trough,fall,-1,-1,1365216,379.2266666666667,1365224,379.2288888888889,1365168,1365242,id010_r4_1365216,-0.0004913254397053701,-0.0005320521639228804,2.780181585561481,0.0,8.0,3.1658776137440947,0.8781708975393796,0.5,48.0,18.0,150.0,3.0,0.6,8.0,1,1,-1
id010_r4_1365294,10,id010,ID 10,4,CH3.npy,3,1.0,trough,fall,-1,-1,1365294,379.24833333333333,1365302,379.25055555555554,1365246,1365320,id010_r4_1365294,-0.0004464058409361926,-0.0005458147976662997,2.919211339170613,0.0,8.0,3.1505654831699426,0.926567422503927,0.5,48.0,18.0,150.0,3.0,0.6,8.0,1,1,-1
id010_r4_1365372,10,id010,ID 10,4,CH3.npy,3,1.0,trough,fall,-1,-1,1365372,379.27,1365380,379.27222222222224,1365324,1365407,id010_r4_1365372,-0.0005072223933410003,-0.0005072223933410003,2.733419685103211,0.0,8.0,3.181181054074833,0.8592468138843979,0.5,48.0,27.0,150.0,3.0,0.6,8.0,1,1,-1
id010_r4_1365430,10,id010,ID 10,4,CH3.npy,3,1.0,trough,fall,-1,-1,1365430,379.2861111111111,1365440,379.2888888888889,1365405,1365464,id010_r4_1365430,-0.0002389999140412491,-0.0004170303776246387,2.9703912721700254,0.0,10.0,3.1593142840333766,0.9402012605019592,0.5,25.0,24.0,150.0,3.0,0.6,8.0,1,1,-1
id010_r4_1365507,10,id010,ID 10,4,CH3.npy,3,1.0,trough,fall,-1,-1,1365507,379.3075,1365518,379.31055555555554,1365462,1365549,id010_r4_1365507,-0.00029155676958042553,-0.0004855960973311757,3.4333407566756735,0.0,11.0,3.519748395907296,0.9754506204670493,0.5,45.0,31.0,150.0,3.0,0.6,8.0,1,1,-1
id010_r4_1365592,10,id010,ID 10,4,CH3.npy,3,1.0,trough,fall,-1,-1,1365592,379.3311111111111,1365602,379.3338888888889,1365546,1365647,id010_r4_1365592,-0.00017974198436743194,-0.00048133373760084197,3.3085223768483107,0.0,10.0,3.6923160438027125,0.8960561169733636,0.5,46.0,45.0,150.0,3.0,0.6,8.0,1,1,-1
id010_r4_1365677,10,id010,ID 10,4,CH3.npy,3,1.0,trough,fall,-1,-1,1365677,379.3547222222222,1365689,379.35805555555555,1365645,1365726,id010_r4_1365677,-0.00034878999352128126,-0.0004361107121972352,3.301768553457096,0.0,12.0,3.5935369735383693,0.9188074528717082,0.5,32.0,37.0,150.0,3.0,0.6,8.0,1,1,-1
id010_r4_1365763,10,id010,ID 10,4,CH3.npy,3,1.0,trough,fall,-1,-1,1365763,379.3786111111111,1365773,379.38138888888886,1365723,1365818,id010_r4_1365763,-0.0003456021851661606,-0.0004806566682400426,3.1779643871483465,0.0,10.0,3.5886241527224305,0.8855662370598085,0.5,40.0,45.0,150.0,3.0,0.6,8.0,1,1,-1
id010_r4_1365849,10,id010,ID 10,4,CH3.npy,3,1.0,trough,fall,-1,-1,1365849,379.4025,1365860,379.40555555555557,1365816,1365897,id010_r4_1365849,-0.00045603731534987757,-0.00045603731534987757,3.177604500847586,0.0,11.0,3.6710547162968066,0.8655835301885692,0.5,33.0,37.0,150.0,3.0,0.6,8.0,1,1,-1
id010_r4_1365931,10,id010,ID 10,4,CH3.npy,3,1.0,trough,fall,-1,-1,1365931,379.42527777777775,1365944,379.4288888888889,1365894,1365981,id010_r4_1365931,-0.00016504062543176712,-0.0004179707816279743,3.6422779354846613,0.0,13.0,3.6662500139311716,0.9934614174277749,0.5,37.0,37.0,150.0,3.0,0.6,8.0,1,1,-1
id010_r4_1366026,10,id010,ID 10,4,CH3.npy,3,1.0,trough,fall,-1,-1,1366026,379.45166666666665,1366040,379.4555555555556,1365978,1366084,id010_r4_1366026,-0.0001629818223300994,-0.00043286359421340626,3.5167090187715466,0.0,14.0,3.761861133359967,0.9348322264172844,0.5,48.0,44.0,150.0,3.0,0.6,8.0,1,1,-1
id010_r4_1366128,10,id010,ID 10,4,CH3.npy,3,1.0,trough,fall,-1,-1,1366128,379.48,1366139,379.48305555555555,1366080,1366182,id010_r4_1366128,-0.000267694043288802,-0.000477800477767909,3.418888851896673,0.0,11.0,3.6998340811812414,0.9240654518229446,0.5,48.0,43.0,150.0,3.0,0.6,8.0,1,1,-1
id010_r4_1366231,10,id010,ID 10,4,CH3.npy,3,1.0,trough,fall,-1,-1,1366231,379.5086111111111,1366241,379.5113888888889,1366179,1366271,id010_r4_1366231,-0.00018082901112387306,-0.0005166347522906345,2.8794564803775735,0.0,10.0,3.0679776198661024,0.938551983473479,0.5,52.0,30.0,150.0,3.0,0.6,8.0,1,1,-1
id010_r4_1366333,10,id010,ID 10,4,CH3.npy,3,1.0,trough,fall,-1,-1,1366333,379.53694444444443,1366340,379.5388888888889,1366291,1366379,id010_r4_1366333,-0.00017846102221913407,-0.0005076438693181196,2.511938706349248,0.0,7.0,2.8927641409171034,0.8683524075878787,0.5,42.0,39.0,150.0,3.0,0.6,8.0,1,1,-1
id010_r4_1366431,10,id010,ID 10,4,CH3.npy,3,1.0,trough,fall,-1,-1,1366431,379.56416666666667,1366439,379.56638888888887,1366383,1366469,id010_r4_1366431,-0.00018534899153616058,-0.00043140587772222405,2.6862633226296673,0.0,8.0,3.0699941533376407,0.8750060060242172,0.5,48.0,30.0,150.0,3.0,0.6,8.0,1,1,-1
id010_r4_1366541,10,id010,ID 10,4,CH3.npy,3,1.0,trough,fall,-1,-1,1366541,379.59472222222223,1366550,379.59722222222223,1366487,1366604,id010_r4_1366541,-0.00034707694354929597,-0.0004890203197343013,2.882607293750006,0.0,9.0,3.0197456256956245,0.9545861311036662,0.5,54.0,54.0,150.0,3.0,0.6,8.0,1,1,-1
id010_r4_1366650,10,id010,ID 10,4,CH3.npy,3,1.0,trough,fall,-1,-1,1366650,379.625,1366658,379.6272222222222,1366602,1366706,id010_r4_1366650,-0.00028759370918662874,-0.00045965606859549313,2.6013856489772724,0.0,8.0,3.069591738187216,0.8474695890710051,0.5,48.0,48.0,150.0,3.0,0.6,8.0,1,1,-1
id010_r4_1366758,10,id010,ID 10,4,CH3.npy,3,1.0,trough,fall,-1,-1,1366758,379.655,1366769,379.65805555555556,1366692,1366791,id010_r4_1366758,-0.0002883405841471176,-0.0004265890147615581,2.7183260113313734,0.0,11.0,3.048877759257773,0.8915824857448958,0.5,66.0,22.0,150.0,3.0,0.6,8.0,1,1,-1
id010_r4_1366880,10,id010,ID 10,4,CH3.npy,3,1.0,trough,fall,-1,-1,1366880,379.68888888888887,1366898,379.69388888888886,1366772,1366933,id010_r4_1366880,-0.00019221521957535348,-0.00023588126610007976,2.8923956269684137,0.0,18.0,3.4781038211240123,0.8316012907382632,0.5,108.0,35.0,150.0,3.0,0.6,8.0,1,1,-1
id010_r4_1367022,10,id010,ID 10,4,CH3.npy,3,1.0,trough,fall,-1,-1,1367022,379.72833333333335,1367036,379.7322222222222,1366938,1367068,id010_r4_1367022,-0.00026208925657289495,-0.00028185874904285146,2.84646893343099,0.0,14.0,3.1905206610167713,0.8921643944232798,0.5,84.0,32.0,150.0,3.0,0.6,8.0,1,1,-1
id010_r4_1367160,10,id010,ID 10,4,CH3.npy,3,1.0,trough,fall,-1,-1,1367160,379.76666666666665,1367180,379.77222222222224,1367064,1367213,id010_r4_1367160,-0.00023859964914413334,-0.00030043848402805384,3.2470508416884147,0.0,20.0,3.364879083477601,0.964982919485056,0.5,96.0,33.0,150.0,3.0,0.6,8.0,1,1,-1
id010_r4_1367295,10,id010,ID 10,4,CH3.npy,3,1.0,trough,fall,-1,-1,1367295,379.8041666666667,1367318,379.81055555555554,1367208,1367352,id010_r4_1367295,-0.00028097039048530226,-0.00028097039048530226,3.0245326529309002,0.0,23.0,3.359740801520239,0.9002279734086447,0.5,87.0,34.0,150.0,3.0,0.6,8.0,1,1,-1
id010_r4_1367491,10,id010,ID 10,4,CH3.npy,3,1.0,trough,fall,-1,-1,1367491,379.8586111111111,1367504,379.8622222222222,1367413,1367529,id010_r4_1367491,-0.000217877625190821,-0.0003488089503003722,2.996103180697429,0.0,13.0,3.271547440198197,0.9158061240022609,0.5,78.0,25.0,150.0,3.0,0.6,8.0,1,1,-1
id010_r4_1368604,10,id010,ID 10,4,CH3.npy,3,1.0,trough,fall,-1,-1,1368604,380.16777777777776,1368623,380.17305555555555,1368490,1368665,id010_r4_1368604,-0.0002905057464819283,-0.0002916244426391934,3.709117322258204,0.0,19.0,3.938616390741667,0.9417310431594871,0.5,114.0,42.0,150.0,3.0,0.6,8.0,1,1,-1
id010_r4_1368690,10,id010,ID 10,4,CH3.npy,3,1.0,trough,fall,-1,-1,1368690,380.19166666666666,1368704,380.19555555555553,1368660,1368739,id010_r4_1368690,-0.0003842254569396131,-0.0003842254569396131,3.3350554168836144,0.0,14.0,3.913169060784205,0.8522645878773416,0.5,30.0,35.0,150.0,3.0,0.6,8.0,1,1,-1
id010_r4_1368755,10,id010,ID 10,4,CH3.npy,3,1.0,trough,fall,-1,-1,1368755,380.20972222222224,1368767,380.21305555555557,1368735,1368798,id010_r4_1368755,-0.0004347490001321841,-0.0004355875496179218,3.0608225199144634,0.0,12.0,3.4834347919229236,0.8786794364607096,0.5,20.0,31.0,150.0,3.0,0.6,8.0,1,1,-1
id010_r4_1368813,10,id010,ID 10,4,CH3.npy,3,1.0,trough,fall,-1,-1,1368813,380.22583333333336,1368824,380.2288888888889,1368795,1368864,id010_r4_1368813,-0.00040328349581375544,-0.00043026698313464173,3.0370156079192467,0.0,11.0,3.3097193893991683,0.9176051654550004,0.5,18.0,40.0,150.0,3.0,0.6,8.0,1,1,-1
id010_r4_1368871,10,id010,ID 10,4,CH3.npy,3,1.0,trough,fall,-1,-1,1368871,380.24194444444447,1368881,380.2447222222222,1368861,1368902,id010_r4_1368871,-0.00042191979720607176,-0.00045113244187328094,2.7976120705190954,0.0,10.0,3.077295757695775,0.9091138099166323,0.5,10.0,21.0,150.0,3.0,0.6,8.0,1,1,-1
id010_r4_1368937,10,id010,ID 10,4,CH3.npy,3,1.0,trough,fall,-1,-1,1368937,380.2602777777778,1368944,380.26222222222225,1368900,1368962,id010_r4_1368937,-0.0002556362783852628,-0.0005059773990843119,2.472405698134561,0.0,7.0,2.8550334274117795,0.8659813487283445,0.5,37.0,18.0,150.0,3.0,0.6,8.0,1,1,-1
id010_r4_1369015,10,id010,ID 10,4,CH3.npy,3,1.0,trough,fall,-1,-1,1369015,380.28194444444443,1369025,380.28472222222223,1368960,1369085,id010_r4_1369015,-0.00015588210623662668,-0.00044599304416836905,2.7283074118562567,0.0,10.0,2.8690902708394805,0.9509311852561434,0.5,55.0,60.0,150.0,3.0,0.6,8.0,1,1,-1
id010_r4_1369164,10,id010,ID 10,4,CH3.npy,3,1.0,trough,fall,-1,-1,1369164,380.3233333333333,1369175,380.3263888888889,1369098,1369203,id010_r4_1369164,-0.0003131387310486011,-0.0003131387310486011,2.4433323664296847,0.0,11.0,2.907722493600051,0.840290767708233,0.5,66.0,28.0,150.0,3.0,0.6,8.0,1,1,-1
id010_r4_1370458,10,id010,ID 10,4,CH3.npy,3,1.0,trough,fall,-1,-1,1370458,380.6827777777778,1370474,380.6872222222222,1370362,1370515,id010_r4_1370458,-0.00018667882580242212,-0.0003242103025420384,3.269466501906182,0.0,16.0,3.3975971478913403,0.9622878639203355,0.5,96.0,41.0,150.0,3.0,0.6,8.0,2,0,-1
id010_r4_1370511,10,id010,ID 10,4,CH3.npy,3,1.0,trough,fall,-1,-1,1370511,380.6975,1370522,380.7005555555556,1370511,1370562,id010_r4_1370511,-0.0001429610081544741,-0.000386313859971954,2.894721532020972,0.0,11.0,3.212019873428784,0.9012153243407236,0.5,0.0,40.0,150.0,3.0,0.6,8.0,2,0,-1
id010_r4_1370559,10,id010,ID 10,4,CH3.npy,3,1.0,trough,fall,-1,-1,1370559,380.7108333333333,1370567,380.71305555555557,1370559,1370600,id010_r4_1370559,-0.00039900080321553233,-0.00044265621135824995,2.4705470305762534,0.0,8.0,2.8454757567951683,0.8682368931369165,0.5,0.0,33.0,150.0,3.0,0.6,8.0,1,1,-1
id010_r4_1370604,10,id010,ID 10,4,CH3.npy,3,1.0,trough,fall,-1,-1,1370604,380.72333333333336,1370612,380.72555555555556,1370598,1370642,id010_r4_1370604,-0.0004355764442497412,-0.0005102557232478655,2.53217176016729,0.0,8.0,2.7960610180128853,0.9056210661550094,0.5,6.0,30.0,150.0,3.0,0.6,8.0,1,1,-1
id010_r4_1370652,10,id010,ID 10,4,CH3.npy,3,1.0,trough,fall,-1,-1,1370652,380.7366666666667,1370657,380.73805555555555,1370640,1370680,id010_r4_1370652,-0.0004840275531420857,-0.0004840275531420857,1.7968290956978938,0.0,5.0,2.618137914597529,0.6863003991041128,0.5,12.0,23.0,150.0,3.0,0.6,8.0,1,1,-1
id010_r4_1370709,10,id010,ID 10,4,CH3.npy,3,1.0,trough,fall,-1,-1,1370709,380.7525,1370714,380.75388888888887,1370679,1370734,id010_r4_1370709,-0.00047810574753665014,-0.00047810574753665014,1.7525992644122912,0.0,5.0,2.4570057056571004,0.7133069574796029,0.5,30.0,20.0,150.0,3.0,0.6,8.0,1,1,-1
id010_r4_1370787,10,id010,ID 10,4,CH3.npy,3,1.0,trough,fall,-1,-1,1370787,380.77416666666664,1370795,380.7763888888889,1370739,1370843,id010_r4_1370787,-0.0002145642391366831,-0.0004652718924025301,2.4166748265515015,0.0,8.0,2.4798504418753753,0.9745244252407022,0.5,48.0,48.0,150.0,3.0,0.6,8.0,1,1,-1
id010_r4_1370928,10,id010,ID 10,4,CH3.npy,3,1.0,trough,fall,-1,-1,1370928,380.81333333333333,1370936,380.81555555555553,1370880,1370960,id010_r4_1370928,-0.00031840553220979784,-0.00041228656155412047,2.5653687938742564,0.0,8.0,2.7372927257554025,0.9371919816015656,0.5,48.0,24.0,150.0,3.0,0.6,8.0,1,1,-1
id020_r1_1214169,20,id020,ID 20,1,CH0.npy,0,1.0,trough,fall,-1,-1,1214169,337.26916666666665,1214282,337.30055555555555,1213586,1214593,id020_r1_1214169,-0.00039848115101870363,-0.0006523251057484747,15.405009666149883,0.0,113.0,17.204504064892934,0.8954056221582665,0.5,583.0,311.0,610.0,12.2,0.6,8.0,1,1,-1
id020_r1_1215148,20,id020,ID 20,1,CH0.npy,0,1.0,trough,fall,-1,-1,1215148,337.5411111111111,1215221,337.56138888888887,1214710,1215584,id020_r1_1215148,-0.0006454339671551623,-0.0006454339671551623,12.987908768259281,0.0,73.0,17.322316866443145,0.7497789625023836,0.5,438.0,363.0,610.0,12.2,0.6,8.0,1,1,-1
id020_r1_1216094,20,id020,ID 20,1,CH0.npy,0,1.0,trough,fall,-1,-1,1216094,337.8038888888889,1216179,337.8275,1215584,1216599,id020_r1_1216094,-0.0006351192975506958,-0.0006699805134544323,14.250880400149324,0.0,85.0,17.66932037593616,0.8065324583484033,0.5,510.0,420.0,610.0,12.2,0.6,8.0,1,1,-1
id020_r1_1217029,20,id020,ID 20,1,CH0.npy,0,1.0,trough,fall,-1,-1,1217029,338.06361111111113,1217125,338.09027777777777,1216578,1217394,id020_r1_1217029,-0.0006734998757680355,-0.0006734998757680355,14.359465133291838,0.0,96.0,16.124098204245264,0.8905592704410086,0.5,451.0,269.0,610.0,12.2,0.6,8.0,1,1,-1
id021_r1_1132626,21,id021,ID 21,1,CH0.npy,0,1.0,sharkfin,rise,1132294,1132411,1132626,314.61833333333334,1132727,314.6463888888889,1132294,1132801,id021_r1_1132626,-0.00013350735806236247,-0.0001772392461791561,6.569710273201523,7.021990546176471,101.0,8.796159757132438,0.7468839191869406,0.5,332.0,74.0,1990.0,39.8,0.6,8.0,1,1,-1
id021_r1_1133086,21,id021,ID 21,1,CH0.npy,0,1.0,sharkfin,rise,1132801,1132918,1133086,314.74611111111113,1133241,314.7891666666667,1132762,1133308,id021_r1_1133086,-0.00013908474854024133,-0.00015253196738279629,7.208407617743218,6.795182881746797,155.0,8.760809815757053,0.822801518277259,0.5,324.0,67.0,1990.0,39.8,0.6,8.0,1,1,-1
id021_r1_1133581,21,id021,ID 21,1,CH0.npy,0,1.0,sharkfin,rise,1133308,1133425,1133581,314.8836111111111,1133721,314.9225,1133273,1133815,id021_r1_1133581,-0.000126180729297376,-0.00015178342221000563,6.847739571810507,7.5341881825682355,140.0,8.43938728354371,0.8114024563327225,0.5,308.0,94.0,1990.0,39.8,0.6,8.0,1,1,-1
id021_r1_1134085,21,id021,ID 21,1,CH0.npy,0,1.0,sharkfin,rise,1133815,1133932,1134085,315.0236111111111,1134252,315.07,1133773,1134322,id021_r1_1134085,-0.00012935938872046804,-0.00016126852156442273,7.380972901309346,7.625825396620045,167.0,8.360118375571657,0.8828789940195844,0.5,312.0,70.0,1990.0,39.8,0.6,8.0,1,1,-1
id021_r1_1134580,21,id021,ID 21,1,CH0.npy,0,1.0,sharkfin,rise,1134322,1134439,1134580,315.1611111111111,1134718,315.19944444444445,1134288,1134829,id021_r1_1134580,-0.0001665807263184771,-0.0001665807263184771,6.91336331841913,7.522245403645655,138.0,8.160342792823073,0.8471903073115206,0.5,292.0,111.0,1990.0,39.8,0.6,8.0,1,1,-1
id021_r1_1135086,21,id021,ID 21,1,CH0.npy,0,1.0,sharkfin,rise,1134829,1134946,1135086,315.3016666666667,1135211,315.3363888888889,1134798,1135336,id021_r1_1135086,-0.0001533524085781668,-0.0001533524085781668,6.530692260756254,7.5002074028341355,125.0,8.186924543905628,0.7976978688068798,0.5,288.0,125.0,1990.0,39.8,0.6,8.0,1,1,-1
id021_r1_1135573,21,id021,ID 21,1,CH0.npy,0,1.0,sharkfin,rise,1135336,1135453,1135573,315.43694444444446,1135678,315.4661111111111,1135310,1135882,id021_r1_1135573,-0.00012545430578003725,-0.0001869752306374317,6.701565442527646,7.7858608439709815,105.0,8.3953107323671,0.7982510303865913,0.5,263.0,204.0,1990.0,39.8,0.6,8.0,1,1,-1
id021_r1_1136083,21,id021,ID 21,1,CH0.npy,0,1.0,sharkfin,rise,1135882,1135999,1136083,315.5786111111111,1136319,315.64416666666665,1135823,1136389,id021_r1_1136083,-0.00013035732917918152,-0.0001549214731506321,7.899504763714759,6.749201869270416,236.0,8.373794628892984,0.9433602224322852,0.5,260.0,70.0,1990.0,39.8,0.6,8.0,1,1,-1
id021_r1_1136608,21,id021,ID 21,1,CH0.npy,0,1.0,sharkfin,rise,1136389,1136506,1136608,315.72444444444443,1136717,315.7547222222222,1136362,1136896,id021_r1_1136608,-0.00014820130957851618,-0.00018323749065352057,6.969408803347177,8.324113504897145,109.0,8.739326030889117,0.7974766908470775,0.5,246.0,179.0,1990.0,39.8,0.6,8.0,1,1,-1
id021_r1_1137114,21,id021,ID 21,1,CH0.npy,0,1.0,sharkfin,rise,1136896,1137013,1137114,315.865,1137264,315.9066666666667,1136858,1137403,id021_r1_1137114,-0.00013400905495902782,-0.0001642170886891059,7.439395564978746,7.920329585428321,150.0,8.422482001153142,0.8832782977702061,0.5,256.0,139.0,1990.0,39.8,0.6,8.0,1,1,-1
id021_r1_1137616,21,id021,ID 21,1,CH0.npy,0,1.0,sharkfin,rise,1137403,1137520,1137616,316.00444444444446,1137747,316.04083333333335,1137370,1137910,id021_r1_1137616,-0.00014173221558824722,-0.00014879234209025372,7.165894501124037,7.844949359644082,131.0,8.301431347923327,0.8632119210281304,0.5,246.0,163.0,1990.0,39.8,0.6,8.0,1,1,-1
id021_r1_1138117,21,id021,ID 21,1,CH0.npy,0,1.0,sharkfin,rise,1137910,1138027,1138117,316.1436111111111,1138262,316.1838888888889,1137874,1138456,id021_r1_1138117,-0.000148773506691402,-0.00016485169306776348,7.780238929242678,8.391395123156231,145.0,8.652724578841585,0.8991663675817917,0.5,243.0,194.0,1990.0,39.8,0.6,8.0,1,1,-1
id021_r1_1138642,21,id021,ID 21,1,CH0.npy,0,1.0,sharkfin,rise,1138456,1138573,1138642,316.2894444444444,1138799,316.3330555555556,1138417,1139002,id021_r1_1138642,-0.0001416346897649967,-0.00016653132314384256,7.231179937377763,8.052479173864647,157.0,8.742811250264438,0.8271000860460126,0.5,225.0,203.0,1990.0,39.8,0.6,8.0,1,1,-1
id021_r1_1139200,21,id021,ID 21,1,CH0.npy,0,1.0,sharkfin,rise,1139002,1139119,1139200,316.44444444444446,1139333,316.4813888888889,1138969,1139400,id021_r1_1139200,-0.00013120528830642963,-0.00014906650197107907,7.0219847123125785,7.920950371481439,133.0,8.502219331308957,0.8259002077792211,0.5,231.0,67.0,1990.0,39.8,0.6,8.0,1,1,-1
id022_r1_1046923,22,id022,ID 22,1,CH0.npy,0,1.0,trough,fall,-1,-1,1046923,290.81194444444446,1046989,290.8302777777778,1046878,1047191,id022_r1_1046923,-0.0002148885297849623,-0.0016282429644067509,31.103494699983138,0.0,66.0,33.06116622862248,0.9407863741072597,0.5,45.0,202.0,470.0,9.4,0.6,8.0,1,1,-1
id022_r1_1047212,22,id022,ID 22,1,CH0.npy,0,1.0,trough,fall,-1,-1,1047212,290.89222222222224,1047277,290.91027777777776,1047175,1047470,id022_r1_1047212,-0.000188041066531891,-0.0017264936421137467,31.073144053597403,0.0,65.0,32.60128251718619,0.9531264310603973,0.5,37.0,193.0,470.0,9.4,0.6,8.0,1,1,-1
id022_r1_1047497,22,id022,ID 22,1,CH0.npy,0,1.0,trough,fall,-1,-1,1047497,290.9713888888889,1047557,290.98805555555555,1047454,1047748,id022_r1_1047497,-0.0007255222348049595,-0.0017407293242865107,30.29532715248118,0.0,60.0,32.05092028559503,0.9452248759951243,0.5,43.0,191.0,470.0,9.4,0.6,8.0,1,1,-1
id022_r1_1047770,22,id022,ID 22,1,CH0.npy,0,1.0,trough,fall,-1,-1,1047770,291.0472222222222,1047830,291.06388888888887,1047733,1048027,id022_r1_1047770,-0.00029393953767573033,-0.0018484614712060976,31.156876483041497,0.0,60.0,32.43007890029798,0.960740076483601,0.5,37.0,197.0,470.0,9.4,0.6,8.0,1,1,-1
id022_r1_1048037,22,id022,ID 22,1,CH0.npy,0,1.0,trough,fall,-1,-1,1048037,291.1213888888889,1048107,291.1408333333333,1048012,1048291,id022_r1_1048037,-0.00025790305009756875,-0.0014362458621361707,27.551519907245805,0.0,70.0,28.855345684968338,0.954815104557845,0.5,25.0,184.0,470.0,9.4,0.6,8.0,2,0,-1
id022_r1_1048273,22,id022,ID 22,1,CH0.npy,0,1.0,trough,fall,-1,-1,1048273,291.18694444444446,1048398,291.2216666666667,1048273,1049148,id022_r1_1048273,-0.0005380831008266196,-0.0007846197128243415,26.973343432891927,0.0,125.0,27.01087286501491,0.9986105805498943,0.5,0.0,750.0,470.0,9.4,0.6,8.0,2,0,-1
id022_r1_1049726,22,id022,ID 22,1,CH0.npy,0,1.0,trough,fall,-1,-1,1049726,291.59055555555557,1049778,291.605,1049414,1050090,id022_r1_1049726,-0.000363761326550055,-0.001656965543966632,25.76284383057231,0.0,52.0,30.781801780068395,0.8369504818023381,0.5,312.0,312.0,470.0,9.4,0.6,8.0,1,1,-1
id022_r1_1050105,22,id022,ID 22,1,CH0.npy,0,1.0,trough,fall,-1,-1,1050105,291.6958333333333,1050200,291.72222222222223,1050082,1050439,id022_r1_1050105,-0.00042673630887660186,-0.0012024840954632243,26.80542764576488,0.0,95.0,28.173592379758805,0.9514380446926293,0.5,23.0,239.0,470.0,9.4,0.6,8.0,2,0,-1
id022_r1_1050437,22,id022,ID 22,1,CH0.npy,0,1.0,trough,fall,-1,-1,1050437,291.78805555555556,1050522,291.81166666666667,1050415,1050742,id022_r1_1050437,-0.00031541386441227837,-0.0010150272754287926,26.446268064207523,0.0,85.0,27.69333249203454,0.9549687843387679,0.5,22.0,220.0,470.0,9.4,0.6,8.0,1,1,-1
id022_r1_1050745,22,id022,ID 22,1,CH0.npy,0,1.0,trough,fall,-1,-1,1050745,291.87361111111113,1050835,291.8986111111111,1050721,1051049,id022_r1_1050745,-0.0001957971739680875,-0.001137124533419187,26.919020152280314,0.0,90.0,27.420749487433007,0.9817025666864929,0.5,24.0,214.0,470.0,9.4,0.6,8.0,1,1,-1
id022_r1_1051058,22,id022,ID 22,1,CH0.npy,0,1.0,trough,fall,-1,-1,1051058,291.9605555555556,1051134,291.9816666666667,1051027,1051343,id022_r1_1051058,-0.0003448995613609118,-0.0011939527448985576,26.048726845231574,0.0,76.0,26.959863765790683,0.9662039493791786,0.5,31.0,209.0,470.0,9.4,0.6,8.0,1,1,-1
id022_r1_1051346,22,id022,ID 22,1,CH0.npy,0,1.0,trough,fall,-1,-1,1051346,292.04055555555556,1051423,292.06194444444446,1051324,1051622,id022_r1_1051346,-0.00042672226544621106,-0.0010281721645466202,26.007237344141785,0.0,77.0,27.080008345321815,0.9603851303330431,0.5,22.0,199.0,470.0,9.4,0.6,8.0,1,1,-1
id022_r1_1051634,22,id022,ID 22,1,CH0.npy,0,1.0,trough,fall,-1,-1,1051634,292.12055555555554,1051694,292.13722222222225,1051603,1051897,id022_r1_1051634,-0.00024213107472684237,-0.001312764100902003,25.182243291508033,0.0,60.0,27.734620640914866,0.9079714346032376,0.5,31.0,203.0,470.0,9.4,0.6,8.0,1,1,-1
id022_r1_1051907,22,id022,ID 22,1,CH0.npy,0,1.0,trough,fall,-1,-1,1051907,292.19638888888886,1051971,292.21416666666664,1051882,1052177,id022_r1_1051907,-0.00037368811842300453,-0.0014574566321617632,27.02088115669049,0.0,64.0,29.39142971018566,0.9193455855373498,0.5,25.0,206.0,470.0,9.4,0.6,8.0,1,1,-1
id022_r1_1052180,22,id022,ID 22,1,CH0.npy,0,1.0,trough,fall,-1,-1,1052180,292.27222222222224,1052241,292.2891666666667,1052161,1052446,id022_r1_1052180,-0.0002584884286553346,-0.001483454174213611,26.686132655425133,0.0,61.0,28.238370160801885,0.9450309101928469,0.5,19.0,205.0,470.0,9.4,0.6,8.0,2,0,-1
id022_r1_1052433,22,id022,ID 22,1,CH0.npy,0,1.0,trough,fall,-1,-1,1052433,292.3425,1052565,292.37916666666666,1052431,1053357,id022_r1_1052433,-0.0003233176497981216,-0.0007254044209668853,28.03698358802631,0.0,132.0,28.15711897334644,0.9957333921331281,0.5,2.0,792.0,470.0,9.4,0.6,8.0,2,0,-1
id022_r1_1053439,22,id022,ID 22,1,CH0.npy,0,1.0,trough,fall,-1,-1,1053439,292.62194444444447,1053447,292.62416666666667,1053385,1053468,id022_r1_1053439,-0.00019001894167985922,-0.0009421236524563559,3.2999681302862127,0.0,8.0,4.1141285592706245,0.8021062255942847,0.5,54.0,21.0,470.0,9.4,0.6,8.0,1,1,-1
id022_r1_1053782,22,id022,ID 22,1,CH0.npy,0,1.0,trough,fall,-1,-1,1053782,292.71722222222223,1053836,292.7322222222222,1053458,1054160,id022_r1_1053782,-0.0009553187879023928,-0.0016280054323811743,24.777197476079483,0.0,54.0,27.604276769301272,0.8975854605121991,0.5,324.0,324.0,470.0,9.4,0.6,8.0,1,1,-1
id022_r1_1054196,22,id022,ID 22,1,CH0.npy,0,1.0,trough,fall,-1,-1,1054196,292.83222222222224,1054281,292.85583333333335,1054177,1054549,id022_r1_1054196,-0.0005504129599469554,-0.0012955205362314426,24.440404075401155,0.0,85.0,26.731273877831583,0.9143000138003052,0.5,19.0,268.0,470.0,9.4,0.6,8.0,1,1,-1
id022_r1_1054558,22,id022,ID 22,1,CH0.npy,0,1.0,trough,fall,-1,-1,1054558,292.9327777777778,1054639,292.9552777777778,1054528,1054818,id022_r1_1054558,-0.00034563247679664233,-0.0013053603421888937,24.71256954428086,0.0,81.0,26.445448969004413,0.9344734352305916,0.125,30.0,179.0,470.0,9.4,0.6,8.0,1,1,-1
id022_r1_1054888,22,id022,ID 22,1,CH0.npy,0,1.0,trough,fall,-1,-1,1054888,293.02444444444444,1054976,293.0488888888889,1054870,1055144,id022_r1_1054888,-0.00029006326052416487,-0.0012717074707599696,24.413497755546633,0.0,88.0,26.170469518970172,0.9328643392450423,0.05,18.0,168.0,470.0,9.4,0.6,8.0,1,1,-1
id022_r1_1055239,22,id022,ID 22,1,CH0.npy,0,1.0,trough,fall,-1,-1,1055239,293.12194444444447,1055324,293.1455555555556,1055221,1055584,id022_r1_1055239,-0.0003016519823265118,-0.0012885583494074704,24.37663463429307,0.0,85.0,26.631508837934636,0.9153305876372404,0.5,18.0,260.0,470.0,9.4,0.6,8.0,1,1,-1
id022_r1_1055585,22,id022,ID 22,1,CH0.npy,0,1.0,trough,fall,-1,-1,1055585,293.21805555555557,1055654,293.2372222222222,1055563,1055832,id022_r1_1055585,-0.00015080734990632894,-0.001285766231239327,23.003604592627568,0.0,69.0,25.743826193293017,0.8935581067052358,0.05,22.0,178.0,470.0,9.4,0.6,8.0,1,1,-1
id022_r1_1055945,22,id022,ID 22,1,CH0.npy,0,1.0,trough,fall,-1,-1,1055945,293.31805555555553,1056003,293.33416666666665,1055932,1056006,id022_r1_1055945,-0.00024920854150400906,-0.0014880263455923914,24.61778361784217,0.0,58.0,24.802748656915895,0.9925425588255457,0.5,13.0,3.0,470.0,9.4,0.6,8.0,1,1,-1
id024_r2_1448211,24,id024,ID 24,2,CH1.npy,1,1.0,sharkfin,rise,1447888,1448208,1448211,402.2808333333333,1448270,402.2972222222222,1447873,1448592,id024_r2_1448211,-0.0006686003421960685,-0.0010864638895423662,12.528888070661882,8.00858817047767,59.0,16.843132096196477,0.743857377541506,0.5,338.0,322.0,780.0,15.6,0.6,8.0,2,0,-1
id024_r2_1450974,24,id024,ID 24,2,CH1.npy,1,1.0,sharkfin,rise,1450640,1450960,1450974,403.04833333333335,1451035,403.0652777777778,1450625,1451296,id024_r2_1450974,-0.0006238683906386044,-0.0013484045373297615,17.453496341683362,10.582697150843812,61.0,21.441414731889985,0.8140086164988283,0.5,349.0,261.0,780.0,15.6,0.6,8.0,1,1,-1
id024_r2_1453305,24,id024,ID 24,2,CH1.npy,1,1.0,sharkfin,rise,1453008,1453136,1453305,403.6958333333333,1453349,403.7080555555556,1453041,1453360,id024_r2_1453305,-0.00016552011191756089,-0.0009268532359708037,10.889847218921833,10.967984411007548,44.0,12.536597191961206,0.8686445813146718,0.5,264.0,11.0,780.0,15.6,0.6,8.0,2,0,-1
id024_r2_1459281,24,id024,ID 24,2,CH1.npy,1,1.0,sharkfin,rise,1458928,1459280,1459281,405.35583333333335,1459334,405.37055555555554,1458963,1459648,id024_r2_1459281,-0.0003817417227705011,-0.0008711014587433619,10.020531205891746,7.895864346024073,53.0,16.389636930611683,0.6113943370628264,0.5,318.0,314.0,780.0,15.6,0.6,8.0,2,0,-1
id024_r2_1460697,24,id024,ID 24,2,CH1.npy,1,1.0,sharkfin,rise,1460336,1460688,1460697,405.74916666666667,1460750,405.7638888888889,1460379,1461024,id024_r2_1460697,-0.0005625146942045967,-0.0010102026915660423,11.231322968213941,8.723677271078255,53.0,17.29683748130406,0.6493281202620849,0.5,318.0,274.0,780.0,15.6,0.6,8.0,2,0,-1
id024_r2_1463760,24,id024,ID 24,2,CH1.npy,1,1.0,sharkfin,rise,1463392,1463760,1463760,406.6,1463813,406.6147222222222,1463442,1464131,id024_r2_1463760,-0.0005276049893235268,-0.001262367832980782,14.202397736336358,9.65695704721703,53.0,18.132387920713033,0.7832613000802084,0.5,318.0,318.0,780.0,15.6,0.6,8.0,1,1,-1
id024_r2_1466374,24,id024,ID 24,2,CH1.npy,1,1.0,sharkfin,rise,1466000,1466368,1466374,407.3261111111111,1466418,407.3383333333333,1466110,1466682,id024_r2_1466374,-0.00085567484169502,-0.0013471372610663335,14.141310943434625,10.54119144497534,44.0,19.160405277086955,0.7380486340936414,0.5,264.0,264.0,780.0,15.6,0.6,8.0,1,1,-1
id024_r2_1467891,24,id024,ID 24,2,CH1.npy,1,1.0,sharkfin,rise,1467504,1467888,1467891,407.7475,1467946,407.7627777777778,1467561,1468276,id024_r2_1467891,-0.0007318628816675998,-0.0015207156913480402,18.0487437311736,12.81767101362641,55.0,21.078187281122762,0.8562758974695003,0.5,330.0,330.0,780.0,15.6,0.6,8.0,2,0,-1
id024_r2_1476423,24,id024,ID 24,2,CH1.npy,1,1.0,sharkfin,rise,1476032,1476416,1476423,410.1175,1476462,410.12833333333333,1476189,1476696,id024_r2_1476423,-0.0016606336530052834,-0.003974799263999296,35.37505523468876,24.994502900177128,39.0,40.37297718104283,0.8762062573700696,0.5,234.0,234.0,780.0,15.6,0.6,8.0,1,1,-1
id024_r2_1483993,24,id024,ID 24,2,CH1.npy,1,1.0,sharkfin,rise,1483632,1483984,1483993,412.22027777777777,1484008,412.22444444444443,1483897,1484080,id024_r2_1483993,-0.0010547433252538485,-0.0024197589854247914,10.168242682065397,24.078281049495164,15.0,11.135589377037514,0.9131301754923846,0.5,96.0,72.0,780.0,15.6,0.6,8.0,1,1,-1
id024_r2_1492977,24,id024,ID 24,2,CH1.npy,1,1.0,sharkfin,rise,1492704,1492976,1492977,414.7158333333333,1493081,414.7447222222222,1492678,1493705,id024_r2_1492977,-0.00016146330990440827,-0.00026407276888085196,10.130110377213676,5.5562001113702575,104.0,11.750572717162955,0.8620950332418756,0.5,299.0,624.0,780.0,15.6,0.6,8.0,1,1,-1
id024_r2_1495081,24,id024,ID 24,2,CH1.npy,1,1.0,sharkfin,rise,1494688,1495072,1495081,415.30027777777775,1495106,415.3072222222222,1494931,1495256,id024_r2_1495081,-0.0009214950158315527,-0.0075310716293458535,53.86061590260771,37.20781712198218,25.0,59.064500097053326,0.9118948914170996,0.5,150.0,150.0,780.0,15.6,0.6,8.0,1,1,-1
id024_r2_1505995,24,id024,ID 24,2,CH1.npy,1,1.0,sharkfin,rise,1505600,1505952,1505995,418.33194444444445,1506020,418.3388888888889,1505845,1506170,id024_r2_1505995,-0.002902866007944427,-0.006820108724458596,44.09872659183789,29.472196090743473,25.0,56.57125762241577,0.779525300395023,0.5,150.0,150.0,780.0,15.6,0.6,8.0,2,0,-1
id024_r2_1511186,24,id024,ID 24,2,CH1.npy,1,1.0,sharkfin,rise,1510800,1511184,1511186,419.7738888888889,1511216,419.78222222222223,1511006,1511396,id024_r2_1511186,-0.00027204609701569904,-0.007994272925218926,61.53839424016183,45.3989810513652,30.0,73.85578692492756,0.8332237296816561,0.5,180.0,180.0,780.0,15.6,0.6,8.0,2,0,-1
id024_r2_1516280,24,id024,ID 24,2,CH1.npy,1,1.0,sharkfin,rise,1515872,1516240,1516280,421.18888888888887,1516307,421.19638888888886,1516118,1516469,id024_r2_1516280,-0.000908067613714314,-0.00940017017285355,62.7680363541736,39.700292880106566,27.0,75.51028070169141,0.8312515298697283,0.5,162.0,162.0,780.0,15.6,0.6,8.0,3,0,-1
id024_r2_1520786,24,id024,ID 24,2,CH1.npy,1,1.0,sharkfin,rise,1520496,1520768,1520786,422.44055555555553,1520845,422.45694444444445,1520481,1520864,id024_r2_1520786,-0.0010004876146294528,-0.001520021346075151,18.9206403111678,26.417868959974776,59.0,26.727890469538384,0.7078987521567234,0.25,305.0,19.0,780.0,15.6,0.6,8.0,1,1,-1
id024_r2_1526858,24,id024,ID 24,2,CH1.npy,1,1.0,sharkfin,rise,1526464,1526848,1526858,424.1272222222222,1526887,424.1352777777778,1526684,1526944,id024_r2_1526858,-0.0014686507852257336,-0.011100784008955755,81.22364521536085,53.19288021801904,29.0,89.63508505289364,0.9061590689341211,0.02,174.0,57.0,780.0,15.6,0.6,8.0,1,1,-1
id024_r2_1532440,24,id024,ID 24,2,CH1.npy,1,1.0,sharkfin,rise,1532048,1532432,1532440,425.6777777777778,1532468,425.68555555555554,1532272,1532636,id024_r2_1532440,-0.0028838849620102525,-0.011075558460058366,82.64735601293816,56.94984006422088,28.0,90.79172083140685,0.9102961730002657,0.5,168.0,168.0,780.0,15.6,0.6,8.0,1,1,-1
id024_r2_1537520,24,id024,ID 24,2,CH1.npy,1,1.0,sharkfin,rise,1537136,1537520,1537520,427.0888888888889,1537554,427.09833333333336,1537316,1537758,id024_r2_1537520,-0.00041628137250060426,-0.0064573633860598445,55.388144787929086,39.40737686721507,34.0,60.55179954916235,0.9147233476184162,0.5,204.0,204.0,780.0,15.6,0.6,8.0,1,1,-1
id024_r2_1542754,24,id024,ID 24,2,CH1.npy,1,1.0,sharkfin,rise,1542368,1542752,1542754,428.54277777777776,1542790,428.5527777777778,1542538,1543006,id024_r2_1542754,-0.0012764524763358431,-0.005867949264422412,54.835660022811595,37.90843684273748,36.0,60.607609310878495,0.904765270339893,0.5,216.0,216.0,780.0,15.6,0.6,8.0,1,1,-1
id024_r2_1548036,24,id024,ID 24,2,CH1.npy,1,1.0,sharkfin,rise,1547648,1548032,1548036,430.01,1548070,430.01944444444445,1547832,1548274,id024_r2_1548036,-0.0030781732429184805,-0.00610297493089107,52.520426967240354,36.26722937247262,34.0,57.84200616191304,0.9079980182607019,0.5,204.0,204.0,780.0,15.6,0.6,8.0,1,1,-1
id024_r2_1553457,24,id024,ID 24,2,CH1.npy,1,1.0,sharkfin,rise,1553072,1553456,1553457,431.5158333333333,1553486,431.5238888888889,1553283,1553660,id024_r2_1553457,-0.0006987459661936812,-0.01029294250215218,74.33524183753771,51.13119323382453,29.0,82.58099844038347,0.9001494682968927,0.5,174.0,174.0,780.0,15.6,0.6,8.0,1,1,-1
id024_r2_1563417,24,id024,ID 24,2,CH1.npy,1,1.0,sharkfin,rise,1563040,1563200,1563417,434.2825,1563465,434.29583333333335,1563129,1563600,id024_r2_1563417,-0.0002404343618555016,-0.0011937134993670329,14.446828751156215,18.540893779055658,48.0,17.938741186781737,0.8053423927985227,0.5,288.0,135.0,780.0,15.6,0.6,8.0,1,1,-1
id024_r2_1576085,24,id024,ID 24,2,CH1.npy,1,1.0,sharkfin,rise,1575696,1576080,1576085,437.8013888888889,1576112,437.8088888888889,1575923,1576274,id024_r2_1576085,-0.0014189640621312116,-0.012385832173498257,85.01727736703057,58.604458606151155,27.0,95.28431329151054,0.8922484135130486,0.5,162.0,162.0,780.0,15.6,0.6,8.0,1,1,-1
id024_r2_1577612,24,id024,ID 24,2,CH1.npy,1,1.0,sharkfin,rise,1576176,1576592,1577612,438.22555555555556,1577871,438.2975,1576111,1577872,id024_r2_1577612,-0.00015095015704291725,-0.00017956587535933322,30.758298623983716,25.594184722837365,259.0,41.22717226532091,0.7460685983029861,0.5,1501.0,1.0,780.0,15.6,0.6,8.0,5,0,-1
id024_r2_1581477,24,id024,ID 24,2,CH1.npy,1,1.0,sharkfin,rise,1581088,1581472,1581477,439.2991666666667,1581505,439.30694444444447,1581309,1581673,id024_r2_1581477,-0.0059518144896406056,-0.010598031831652144,74.05183468756837,51.10531872449919,28.0,82.92830733550116,0.8929620905920406,0.5,168.0,168.0,780.0,15.6,0.6,8.0,1,1,-1
id024_r2_1587760,24,id024,ID 24,2,CH1.npy,1,1.0,sharkfin,rise,1587376,1587760,1587760,441.0444444444444,1587789,441.0525,1587586,1587963,id024_r2_1587760,-0.009401972514410772,-0.009401972514410772,68.89735225808036,44.638369621912474,29.0,83.82776471666098,0.8218917979139057,0.5,174.0,174.0,780.0,15.6,0.6,8.0,1,1,-1
id024_r2_1592680,24,id024,ID 24,2,CH1.npy,1,1.0,sharkfin,rise,1592288,1592672,1592680,442.4111111111111,1592708,442.4188888888889,1592512,1592876,id024_r2_1592680,-0.0006573466936330985,-0.011403917713953049,80.6348443406284,54.53849177875802,28.0,89.72782453236294,0.8986604184474026,0.5,168.0,168.0,780.0,15.6,0.6,8.0,1,1,-1
id024_r2_1598487,24,id024,ID 24,2,CH1.npy,1,1.0,sharkfin,rise,1598096,1598480,1598487,444.02416666666664,1598515,444.03194444444443,1598319,1598683,id024_r2_1598487,-0.002503023026522555,-0.009667930504128286,72.04209560343,50.09894770972678,28.0,79.1351138939016,0.9103682557406643,0.5,168.0,168.0,780.0,15.6,0.6,8.0,1,1,-1
id024_r2_1599908,24,id024,ID 24,2,CH1.npy,1,1.0,sharkfin,rise,1598576,1598960,1599908,444.4188888888889,1600223,444.50638888888886,1598497,1600224,id024_r2_1599908,-0.0001521324002374813,-0.00018124161107047065,36.51427589550593,23.253763616443713,315.0,41.5692703407009,0.8783958822523383,0.5,1411.0,1.0,780.0,15.6,0.6,8.0,6,0,-1
id024_r2_1603282,24,id024,ID 24,2,CH1.npy,1,1.0,sharkfin,rise,1602896,1603280,1603282,445.3561111111111,1603315,445.3652777777778,1603084,1603513,id024_r2_1603282,-0.0025216171743480675,-0.009778299073847141,81.38748484268876,54.78353949964654,33.0,88.67412853795287,0.9178267233588273,0.5,198.0,198.0,780.0,15.6,0.6,8.0,1,1,-1
id024_r2_1608563,24,id024,ID 24,2,CH1.npy,1,1.0,sharkfin,rise,1608176,1608560,1608563,446.8230555555556,1608603,446.83416666666665,1608323,1608843,id024_r2_1608563,-0.0023289399124177823,-0.008746586492032749,80.55851622484423,51.70323896304452,40.0,86.4900325514999,0.9314196543616308,0.5,240.0,240.0,780.0,15.6,0.6,8.0,1,1,-1
id024_r2_1614334,24,id024,ID 24,2,CH1.npy,1,1.0,sharkfin,rise,1613952,1614320,1614334,448.4261111111111,1614375,448.4375,1614088,1614621,id024_r2_1614334,-0.0035113874255640054,-0.008319336035716385,76.58592450645352,48.09150203154067,41.0,81.94335795513985,0.9346202842746659,0.5,246.0,246.0,780.0,15.6,0.6,8.0,1,1,-1
id024_r2_1615590,24,id024,ID 24,2,CH1.npy,1,1.0,sharkfin,rise,1614416,1614784,1615590,448.775,1615791,448.8308333333333,1614384,1615792,id024_r2_1615590,-0.00015249486652996191,-0.00015875495229816794,23.164524582510282,18.678605254691448,201.0,37.66138700189803,0.6150735919880713,0.5,1206.0,1.0,780.0,15.6,0.6,8.0,6,0,-1
id024_r2_1620800,24,id024,ID 24,2,CH1.npy,1,1.0,sharkfin,rise,1620416,1620800,1620800,450.22222222222223,1620831,450.23083333333335,1620614,1621017,id024_r2_1620800,-0.0052652462311647,-0.010964140135220013,97.90513957409985,56.05937335790756,31.0,98.87036002744676,0.9902375145283282,0.5,186.0,186.0,780.0,15.6,0.6,8.0,1,1,-1
id024_r2_1622537,24,id024,ID 24,2,CH1.npy,1,1.0,sharkfin,rise,1622176,1622368,1622537,450.70472222222224,1622607,450.7241666666667,1622158,1623027,id024_r2_1622537,-0.00017827459395325373,-0.002257320137370178,46.81838216149315,74.2644793625945,70.0,76.72290757161393,0.6102269014999516,0.5,379.0,420.0,780.0,15.6,0.6,8.0,1,1,-1
id024_r2_1629306,24,id024,ID 24,2,CH1.npy,1,1.0,sharkfin,rise,1628912,1629296,1629306,452.585,1629335,452.59305555555557,1629132,1629509,id024_r2_1629306,-0.003037466920732035,-0.00908024206384267,72.59947810263823,48.30653264713158,29.0,78.82360722825365,0.9210372457632915,0.5,174.0,174.0,780.0,15.6,0.6,8.0,1,1,-1
id024_r2_1636790,24,id024,ID 24,2,CH1.npy,1,1.0,sharkfin,rise,1636400,1636784,1636790,454.6638888888889,1636820,454.6722222222222,1636610,1637000,id024_r2_1636790,-0.0038365497087279876,-0.00820089243590888,66.74206046161224,46.87314678588894,30.0,74.16544908804867,0.8999077236406477,0.5,180.0,180.0,780.0,15.6,0.6,8.0,2,0,-1
id024_r2_1640881,24,id024,ID 24,2,CH1.npy,1,1.0,sharkfin,rise,1640448,1640880,1640881,455.80027777777775,1640935,455.8152777777778,1640557,1641259,id024_r2_1640881,-0.0019770059713708488,-0.0037762286067802853,54.76051528212078,40.76926820964965,54.0,58.53146679862109,0.9355739447044039,0.5,324.0,324.0,780.0,15.6,0.6,8.0,1,1,-1
id024_r2_1643254,24,id024,ID 24,2,CH1.npy,1,1.0,sharkfin,rise,1642880,1643216,1643254,456.45944444444444,1643303,456.47305555555556,1642960,1643597,id024_r2_1643254,-0.00021077774605426924,-0.0014741943183153583,16.79311367614855,10.365529894388438,49.0,18.497222843110062,0.9078721610581524,0.5,294.0,294.0,780.0,15.6,0.6,8.0,1,1,-1
id025_r2_1073645,25,id025,ID 25,2,CH1.npy,1,1.0,trough,fall,-1,-1,1073645,298.2347222222222,1073664,298.24,1073620,1073778,id025_r2_1073645,-0.0058951469090143815,-0.012654639956291958,73.00977735773351,0.0,19.0,75.61076409641466,0.965600311413802,0.02,25.0,114.0,481.66666666666663,9.633333333333333,0.6,8.0,1,1,-1
id025_r2_1074779,25,id025,ID 25,2,CH1.npy,1,1.0,trough,fall,-1,-1,1074779,298.5497222222222,1074799,298.5552777777778,1074659,1074919,id025_r2_1074779,-0.0017334841724829242,-0.01272268056996162,73.39973081812545,0.0,20.0,77.33088380401266,0.9491645149711426,0.5,120.0,120.0,481.66666666666663,9.633333333333333,0.6,8.0,2,0,-1
id025_r2_1075795,25,id025,ID 25,2,CH1.npy,1,1.0,trough,fall,-1,-1,1075795,298.83194444444445,1075813,298.83694444444444,1075687,1075921,id025_r2_1075795,-0.008234571831991389,-0.013792702869622975,75.0570702070148,0.0,18.0,77.87723939826796,0.9637869907428191,0.5,108.0,108.0,481.66666666666663,9.633333333333333,0.6,8.0,1,1,-1
id025_r2_1077216,25,id025,ID 25,2,CH1.npy,1,1.0,trough,fall,-1,-1,1077216,299.2266666666667,1077227,299.2297222222222,1077150,1077293,id025_r2_1077216,-0.004477463581815,-0.010974393543850158,52.644701608278275,0.0,11.0,52.644701608278275,1.0,0.5,66.0,66.0,481.66666666666663,9.633333333333333,0.6,8.0,1,1,-1
id025_r2_1081393,25,id025,ID 25,2,CH1.npy,1,1.0,trough,fall,-1,-1,1081393,300.38694444444445,1081409,300.3913888888889,1081297,1081505,id025_r2_1081393,-0.003177414223159425,-0.009300943120789829,53.41692404570153,0.0,16.0,53.41692404570153,1.0,0.5,96.0,96.0,481.66666666666663,9.633333333333333,0.6,8.0,1,1,-1
id025_r2_1083737,25,id025,ID 25,2,CH1.npy,1,1.0,trough,fall,-1,-1,1083737,301.03805555555556,1083749,301.0413888888889,1083665,1083821,id025_r2_1083737,-0.0005078540868905246,-0.010065801504046679,49.8979967263572,0.0,12.0,51.10058726710498,0.9764662089994819,0.5,72.0,72.0,481.66666666666663,9.633333333333333,0.6,8.0,1,1,-1
id025_r2_1088254,25,id025,ID 25,2,CH1.npy,1,1.0,trough,fall,-1,-1,1088254,302.29277777777776,1088269,302.2969444444444,1088164,1088359,id025_r2_1088254,-0.005258542677047395,-0.010208963868810428,53.59300825456881,0.0,15.0,53.869676033847625,0.9948641276568105,0.5,90.0,90.0,481.66666666666663,9.633333333333333,0.6,8.0,1,1,-1
id025_r2_1089940,25,id025,ID 25,2,CH1.npy,1,1.0,trough,fall,-1,-1,1089940,302.7611111111111,1090006,302.77944444444444,1089544,1090136,id025_r2_1089940,-0.00032930901356614806,-0.0003472275281485304,14.535593613167475,0.0,66.0,15.594179196636638,0.9321166205594534,0.5,396.0,130.0,481.66666666666663,9.633333333333333,0.6,8.0,1,1,-1
id025_r2_1095006,25,id025,ID 25,2,CH1.npy,1,1.0,trough,fall,-1,-1,1095006,304.16833333333335,1095048,304.18,1094754,1095280,id025_r2_1095006,-0.00014659121037396972,-0.0008424721375552835,7.520422584612829,0.0,42.0,8.14613834766542,0.9231886648190901,0.5,252.0,232.0,481.66666666666663,9.633333333333333,0.6,8.0,1,1,-1
id025_r2_1096567,25,id025,ID 25,2,CH1.npy,1,1.0,trough,fall,-1,-1,1096567,304.6019444444444,1096579,304.60527777777776,1096495,1096651,id025_r2_1096567,-0.0006557273053965362,-0.0030582528321569935,20.01389249527541,0.0,12.0,23.804770794015994,0.8407513211724126,0.5,72.0,72.0,481.66666666666663,9.633333333333333,0.6,8.0,1,1,-1
id025_r2_1100260,25,id025,ID 25,2,CH1.npy,1,1.0,trough,fall,-1,-1,1100260,305.6277777777778,1100277,305.6325,1100158,1100379,id025_r2_1100260,-0.0008834609305755081,-0.003020222816397966,22.641931495787972,0.0,17.0,23.843264093251328,0.9496154304727352,0.5,102.0,102.0,481.66666666666663,9.633333333333333,0.6,8.0,1,1,-1
id025_r2_1103794,25,id025,ID 25,2,CH1.npy,1,1.0,trough,fall,-1,-1,1103794,306.6094444444444,1103809,306.6136111111111,1103704,1103899,id025_r2_1103794,-0.0009873193798060065,-0.0031032895563753993,22.60912971119655,0.0,15.0,23.139891678208624,0.9770629018323408,0.5,90.0,90.0,481.66666666666663,9.633333333333333,0.6,8.0,1,1,-1
id025_r2_1106687,25,id025,ID 25,2,CH1.npy,1,1.0,trough,fall,-1,-1,1106687,307.41305555555556,1106699,307.4163888888889,1106615,1106771,id025_r2_1106687,-0.00032330221275539417,-0.0030724691992518594,19.383197043604472,0.0,12.0,20.847999266845328,0.9297389545878227,0.5,72.0,72.0,481.66666666666663,9.633333333333333,0.6,8.0,1,1,-1
id025_r2_1110017,25,id025,ID 25,2,CH1.npy,1,1.0,trough,fall,-1,-1,1110017,308.33805555555557,1110046,308.3461111111111,1109843,1110220,id025_r2_1110017,-0.00039733564788252407,-0.003139945231978525,28.29109339504976,0.0,29.0,28.621779731891618,0.988446339118689,0.5,174.0,174.0,481.66666666666663,9.633333333333333,0.6,8.0,1,1,-1
id025_r2_1113200,25,id025,ID 25,2,CH1.npy,1,1.0,trough,fall,-1,-1,1113200,309.22222222222223,1113231,309.23083333333335,1113014,1113398,id025_r2_1113200,-0.0019500248416166044,-0.00272894803202528,25.017136854116885,0.0,31.0,26.155841197742944,0.9564646254342482,0.5,186.0,167.0,481.66666666666663,9.633333333333333,0.6,8.0,1,1,-1
id025_r2_1116821,25,id025,ID 25,2,CH1.npy,1,1.0,trough,fall,-1,-1,1116821,310.22805555555556,1116835,310.2319444444444,1116820,1116919,id025_r2_1116821,-0.0016922919602807562,-0.00973478346000628,52.82164510004739,0.0,14.0,52.82164510004739,1.0,0.05,1.0,84.0,481.66666666666663,9.633333333333333,0.6,8.0,1,1,-1
id025_r2_1119387,25,id025,ID 25,2,CH1.npy,1,1.0,trough,fall,-1,-1,1119387,310.94083333333333,1119399,310.94416666666666,1119315,1119471,id025_r2_1119387,-0.005105925765477415,-0.008921308281119422,46.14013217271473,0.0,12.0,47.180982118317786,0.9779392056105812,0.5,72.0,72.0,481.66666666666663,9.633333333333333,0.6,8.0,1,1,-1
id025_r2_1125698,25,id025,ID 25,2,CH1.npy,1,1.0,trough,fall,-1,-1,1125698,312.69388888888886,1125742,312.7061111111111,1125690,1125871,id025_r2_1125698,-0.0006840125876991232,-0.0013437402242650331,14.2175238249731,0.0,44.0,16.21764065825637,0.8766702953018621,0.5,8.0,129.0,481.66666666666663,9.633333333333333,0.6,8.0,1,1,-1
id025_r2_1129698,25,id025,ID 25,2,CH1.npy,1,1.0,trough,fall,-1,-1,1129698,313.805,1129715,313.8097222222222,1129596,1129817,id025_r2_1129698,-0.0030453913958446988,-0.007796525848732694,45.77008595350407,0.0,17.0,46.942092420377165,0.9750329308634665,0.5,102.0,102.0,481.66666666666663,9.633333333333333,0.6,8.0,2,0,-1
id025_r2_1140294,25,id025,ID 25,2,CH1.npy,1,1.0,trough,fall,-1,-1,1140294,316.74833333333333,1140318,316.755,1140150,1140462,id025_r2_1140294,-0.0012817588770091537,-0.00931394416333331,61.95958851743799,0.0,24.0,63.79287022035152,0.9712619655365708,0.5,144.0,144.0,481.66666666666663,9.633333333333333,0.6,8.0,1,1,-1
id025_r2_1145388,25,id025,ID 25,2,CH1.npy,1,1.0,trough,fall,-1,-1,1145388,318.16333333333336,1145405,318.16805555555555,1145286,1145507,id025_r2_1145388,-0.0010090094035996033,-0.007457352447135301,45.04563801001238,0.0,17.0,47.545157818445375,0.9474285095870837,0.5,102.0,102.0,481.66666666666663,9.633333333333333,0.6,8.0,2,0,-1
id025_r2_1152857,25,id025,ID 25,2,CH1.npy,1,1.0,trough,fall,-1,-1,1152857,320.23805555555555,1152886,320.24611111111113,1152683,1153037,id025_r2_1152857,-0.000696400102233985,-0.0029950107714143415,27.493601651863763,0.0,29.0,27.694733104375757,0.9927375558466669,0.5,174.0,151.0,481.66666666666663,9.633333333333333,0.6,8.0,1,1,-1
id025_r2_1158900,25,id025,ID 25,2,CH1.npy,1,1.0,trough,fall,-1,-1,1158900,321.9166666666667,1158919,321.9219444444444,1158786,1159033,id025_r2_1158900,-0.001987899789726688,-0.005267487214357602,38.17915085781798,0.0,19.0,38.863613368111615,0.9823880887294115,0.5,114.0,114.0,481.66666666666663,9.633333333333333,0.6,8.0,1,1,-1
id025_r2_1163015,25,id025,ID 25,2,CH1.npy,1,1.0,trough,fall,-1,-1,1163015,323.0597222222222,1163039,323.06638888888887,1162871,1163183,id025_r2_1163015,-0.0011042683521013674,-0.0017542018238460022,16.26657319264524,0.0,24.0,17.036603535093175,0.9548014167928617,0.5,144.0,144.0,481.66666666666663,9.633333333333333,0.6,8.0,1,1,-1
id025_r2_1165345,25,id025,ID 25,2,CH1.npy,1,1.0,trough,fall,-1,-1,1165345,323.70694444444445,1165393,323.72027777777777,1165340,1165681,id025_r2_1165345,-0.0005806876143855111,-0.0009786897592364285,10.310573776648901,0.0,48.0,10.85861853665393,0.9495290530600122,0.5,5.0,288.0,481.66666666666663,9.633333333333333,0.6,8.0,2,0,-1
id025_r2_1166483,25,id025,ID 25,2,CH1.npy,1,1.0,trough,fall,-1,-1,1166483,324.0230555555556,1166509,324.03027777777777,1166327,1166616,id025_r2_1166483,-0.0006586011256827784,-0.0009622691085026669,8.671160828315427,0.0,26.0,8.961374387373988,0.967615061427692,0.5,156.0,107.0,481.66666666666663,9.633333333333333,0.6,8.0,1,1,-1
id026_r7_2225865,26,id026,ID 26,7,CH6.npy,6,1.0,sharkfin,rise,2223300,2224080,2225865,618.2958333333333,2225870,618.2972222222222,2223105,2226420,id026_r7_2225865,-0.0002168467616275871,-0.0008812622700675732,2.7665450269940273,2.0695273292836713,5.0,4.462771722874903,0.6199163207953258,0.5,2760.0,550.0,38990.0,779.8,0.6,8.0,1,1,-1
id026_r7_2351830,26,id026,ID 26,7,CH6.npy,6,1.0,sharkfin,rise,2349660,2350440,2351830,653.2861111111112,2351838,653.2883333333333,2349465,2354340,id026_r7_2351830,-9.357570160561934e-05,-0.0007059298495811772,3.7882111149099007,2.963924903075954,8.0,4.27941713402169,0.8852166069050235,0.5,2365.0,2502.0,38990.0,779.8,0.6,8.0,1,1,-1
id028_r6_1394132,28,id028,ID 28,6,CH5.npy,5,1.0,sharkfin,rise,1392680,1393418,1394132,387.25888888888886,1394141,387.2613888888889,1393640,1394633,id028_r6_1394132,-0.009378592479511783,-0.010213554692476201,28.87904544500963,44.338561344769325,9.0,50.12864782067928,0.5760986322295398,0.5,492.0,492.0,4103.333333333333,82.06666666666666,0.6,8.0,1,1,-1
id028_r6_1402008,28,id028,ID 28,6,CH5.npy,5,1.0,sharkfin,rise,1400306,1401126,1402008,389.44666666666666,1402209,389.5025,1400802,1402274,id028_r6_1402008,-0.0001477782701645447,-0.0001477782701645447,11.109355344510519,5.835761970128139,201.0,21.98524956325265,0.5053094945567187,0.5,1206.0,65.0,4103.333333333333,82.06666666666666,0.6,8.0,1,1,-1
id028_r6_1407613,28,id028,ID 28,6,CH5.npy,5,1.0,sharkfin,rise,1404980,1405964,1407613,391.0036111111111,1407825,391.0625,1406341,1407850,id028_r6_1407613,-0.00013228849696855782,-0.00015265630287564225,13.501923250803793,10.80175073355738,212.0,24.23619850670722,0.5570974031701885,0.5,1272.0,25.0,4103.333333333333,82.06666666666666,0.6,8.0,1,1,-1
id028_r6_1410261,28,id028,ID 28,6,CH5.npy,5,1.0,sharkfin,rise,1407850,1408916,1410261,391.7391666666667,1410478,391.7994444444444,1408959,1410556,id028_r6_1410261,-0.00012707107640830273,-0.00014748914357498588,17.06361335543005,15.354116134315143,217.0,26.451832522307093,0.6450824660650689,0.5,1302.0,78.0,4103.333333333333,82.06666666666666,0.6,8.0,1,1,-1
id028_r6_1413094,28,id028,ID 28,6,CH5.npy,5,1.0,sharkfin,rise,1410556,1411704,1413094,392.5261111111111,1413261,392.5725,1412092,1413262,id028_r6_1413094,-0.00012644855107701858,-0.00013764723998854755,11.06106901267001,14.109647422193783,167.0,21.5865131923223,0.5124064694526078,0.5,1002.0,1.0,4103.333333333333,82.06666666666666,0.6,8.0,1,1,-1
id028_r6_1415685,28,id028,ID 28,6,CH5.npy,5,1.0,sharkfin,rise,1413262,1414410,1415685,393.24583333333334,1415851,393.2919444444444,1414689,1415886,id028_r6_1415685,-0.00014518221038795076,-0.00014518221038795076,11.2003150172999,10.973308269668802,166.0,22.21025776820662,0.504285683407639,0.5,996.0,35.0,4103.333333333333,82.06666666666666,0.6,8.0,1,1,-1
id028_r6_1418129,28,id028,ID 28,6,CH5.npy,5,1.0,sharkfin,rise,1415886,1416952,1418129,393.9247222222222,1418324,393.9788888888889,1416959,1418346,id028_r6_1418129,-0.00013097070545353695,-0.0001699286955965107,15.322372413416163,13.58147894249817,195.0,23.942725786179953,0.6399593993704941,0.5,1170.0,22.0,4103.333333333333,82.06666666666666,0.6,8.0,1,1,-1
id028_r6_1420892,28,id028,ID 28,6,CH5.npy,5,1.0,sharkfin,rise,1418346,1419084,1420892,394.6922222222222,1421066,394.74055555555555,1419848,1421134,id028_r6_1420892,-0.000130087193140227,-0.00013454271577617583,12.364514285014172,13.91242872501941,174.0,21.486525541033473,0.5754543358534763,0.5,1044.0,68.0,4103.333333333333,82.06666666666666,0.6,8.0,1,1,-1
id028_r6_1426649,28,id028,ID 28,6,CH5.npy,5,1.0,sharkfin,rise,1423840,1425070,1426649,396.2913888888889,1426828,396.3411111111111,1425575,1426874,id028_r6_1426649,-0.0001360742763112377,-0.00016320321251783731,14.751835131919133,9.614661884641329,179.0,28.522386272596954,0.5172019967379813,0.5,1074.0,46.0,4103.333333333333,82.06666666666666,0.6,8.0,1,1,-1
id028_r6_1436368,28,id028,ID 28,6,CH5.npy,5,1.0,sharkfin,rise,1433352,1434746,1436368,398.99111111111114,1436549,399.0413888888889,1435282,1436550,id028_r6_1436368,-0.00013321570317637033,-0.00015574058553491366,14.578433398279689,11.830070080597999,181.0,25.906612286528574,0.5627302109994701,0.5,1086.0,1.0,4103.333333333333,82.06666666666666,0.6,8.0,1,1,-1
id028_r6_1442186,28,id028,ID 28,6,CH5.npy,5,1.0,sharkfin,rise,1439666,1440732,1442186,400.6072222222222,1442371,400.6586111111111,1441076,1442372,id028_r6_1442186,-0.00012760576610437724,-0.0001325465331586395,12.154981868371717,12.584730478910844,185.0,23.492272548886195,0.5174034075706313,0.5,1110.0,1.0,4103.333333333333,82.06666666666666,0.6,8.0,1,1,-1
id028_r6_1444844,28,id028,ID 28,6,CH5.npy,5,1.0,sharkfin,rise,1442372,1443684,1444844,401.34555555555556,1445021,401.39472222222224,1443782,1445078,id028_r6_1444844,-0.00012654247331078672,-0.00014688870496437634,12.704070219452523,11.893215149321179,177.0,24.954670211384755,0.5090858789893647,0.5,1062.0,57.0,4103.333333333333,82.06666666666666,0.6,8.0,1,1,-1
id028_r6_1447378,28,id028,ID 28,6,CH5.npy,5,1.0,sharkfin,rise,1445078,1446308,1447378,402.0494444444444,1447584,402.1066666666667,1446142,1447620,id028_r6_1447378,-0.00013746737173736534,-0.00013746737173736534,13.856950269099721,14.042690370953848,206.0,25.889392104929023,0.5352366024253435,0.5,1236.0,36.0,4103.333333333333,82.06666666666666,0.6,8.0,1,1,-1
id028_r6_1454961,28,id028,ID 28,6,CH5.npy,5,1.0,sharkfin,rise,1452704,1453606,1454961,404.1558333333333,1455145,404.20694444444445,1453857,1455164,id028_r6_1454961,-0.00013062762719229237,-0.0001643505576084392,13.694429812347586,12.908190245646267,184.0,21.465413457608882,0.6379765215979707,0.5,1104.0,19.0,4103.333333333333,82.06666666666666,0.6,8.0,1,1,-1
id028_r6_1457412,28,id028,ID 28,6,CH5.npy,5,1.0,sharkfin,rise,1455164,1456312,1457412,404.83666666666664,1457613,404.8925,1456206,1457624,id028_r6_1457412,-0.0001336188572488295,-0.00014709594174933116,13.09179760150081,14.117880526106186,201.0,21.263414244360177,0.6156959296869845,0.5,1206.0,11.0,4103.333333333333,82.06666666666666,0.6,8.0,1,1,-1
id028_r6_1459761,28,id028,ID 28,6,CH5.npy,5,1.0,sharkfin,rise,1457624,1458772,1459761,405.4891666666667,1459973,405.54805555555555,1458489,1460002,id028_r6_1459761,-0.0001307843201510117,-0.0001307843201510117,12.502751337217122,15.835670039065386,212.0,18.866023170988512,0.6627126037056608,0.5,1272.0,29.0,4103.333333333333,82.06666666666666,0.6,8.0,1,1,-1
id028_r6_1462042,28,id028,ID 28,6,CH5.npy,5,1.0,sharkfin,rise,1460002,1461068,1462042,406.1227777777778,1462215,406.17083333333335,1461004,1462216,id028_r6_1462042,-0.00013501934394521964,-0.00014704337171767,11.669424704183085,8.065483229145576,173.0,20.243151620318976,0.5764628415108025,0.5,1038.0,1.0,4103.333333333333,82.06666666666666,0.6,8.0,1,1,-1
id028_r6_1464360,28,id028,ID 28,6,CH5.npy,5,1.0,sharkfin,rise,1462216,1463036,1464360,406.76666666666665,1464545,406.81805555555553,1463250,1464594,id028_r6_1464360,-0.00012867384078585342,-0.0001607434001985597,15.209231535462608,14.512417473142136,185.0,22.441340445037426,0.6777327572170898,0.5,1110.0,49.0,4103.333333333333,82.06666666666666,0.6,8.0,1,1,-1
id028_r6_1466752,28,id028,ID 28,6,CH5.npy,5,1.0,sharkfin,rise,1464594,1465906,1466752,407.43111111111114,1466938,407.48277777777776,1465636,1466972,id028_r6_1466752,-0.00012959851239102704,-0.00013925385183133354,13.257062908210493,15.291021570115637,186.0,20.50678810443185,0.6464719311819205,0.5,1116.0,34.0,4103.333333333333,82.06666666666666,0.6,8.0,1,1,-1
id029_r1_890656,29,id029,ID 29,1,CH0.npy,0,1.0,sharkfin,rise,890636,890656,890656,247.40444444444444,890693,247.41472222222222,890627,890718,id029_r1_890656,-0.0004312746426229641,-0.0016979436978926954,19.59481565607546,15.862423717794115,37.0,19.64281778556409,0.9975562503296288,0.5,29.0,25.0,110.0,2.2,0.6,8.0,1,1,-1
id029_r1_890740,29,id029,ID 29,1,CH0.npy,0,1.0,sharkfin,rise,890718,890740,890740,247.42777777777778,890774,247.43722222222223,890710,890790,id029_r1_890740,-0.0010396295512470066,-0.0018610400228447066,19.08619537155676,16.877545983555066,34.0,19.44422438915755,0.9815868707110562,0.5,30.0,16.0,110.0,2.2,0.6,8.0,1,1,-1
id029_r1_890821,29,id029,ID 29,1,CH0.npy,0,1.0,sharkfin,rise,890790,890820,890821,247.45027777777779,890854,247.45944444444444,890782,890882,id029_r1_890821,-0.0011434854213944468,-0.0018374306998840129,18.378357695592097,18.088763555241194,33.0,19.17129605968165,0.9586392927415506,0.5,39.0,28.0,110.0,2.2,0.6,8.0,1,1,-1
id029_r1_890900,29,id029,ID 29,1,CH0.npy,0,1.0,sharkfin,rise,890882,890900,890900,247.47222222222223,890934,247.48166666666665,890874,890950,id029_r1_890900,-0.0016490098123562724,-0.0016490098123562724,16.69742658764689,14.605758062737173,34.0,18.285516865553074,0.9131503752624085,0.5,26.0,16.0,110.0,2.2,0.6,8.0,1,1,-1
id029_r1_890974,29,id029,ID 29,1,CH0.npy,0,1.0,sharkfin,rise,890950,890974,890974,247.49277777777777,891006,247.50166666666667,890942,891032,id029_r1_890974,-0.001468816781808907,-0.0016303143613375093,16.56942686782137,16.3164408039449,32.0,18.057801402209307,0.9175772010536211,0.5,32.0,26.0,110.0,2.2,0.6,8.0,1,1,-1
id029_r1_891048,29,id029,ID 29,1,CH0.npy,0,1.0,sharkfin,rise,891032,891048,891048,247.51333333333332,891083,247.52305555555554,891023,891100,id029_r1_891048,-0.0002868895031735985,-0.0016106069133792478,17.311501360629645,15.647303072621355,35.0,17.513929162495,0.9884418967333245,0.5,25.0,17.0,110.0,2.2,0.6,8.0,1,1,-1
id029_r1_891125,29,id029,ID 29,1,CH0.npy,0,1.0,sharkfin,rise,891100,891124,891125,247.53472222222223,891161,247.54472222222222,891091,891180,id029_r1_891125,-0.0010422742884967084,-0.0017604856299723859,17.335121156923538,16.599026602463706,36.0,17.540588400932812,0.9882861829197049,0.5,34.0,19.0,110.0,2.2,0.6,8.0,1,1,-1
id029_r1_891196,29,id029,ID 29,1,CH0.npy,0,1.0,sharkfin,rise,891180,891196,891196,247.55444444444444,891230,247.5638888888889,891172,891248,id029_r1_891196,-0.00029865446307103527,-0.0016877003227506182,17.25942415921933,16.186568699702974,34.0,17.509854043919802,0.9856977742891331,0.5,24.0,18.0,110.0,2.2,0.6,8.0,1,1,-1
id029_r1_891268,29,id029,ID 29,1,CH0.npy,0,1.0,sharkfin,rise,891248,891268,891268,247.57444444444445,891298,247.58277777777778,891240,891326,id029_r1_891268,-0.0015789329286474696,-0.0016588695153886557,15.492581724463827,15.260419150754823,30.0,17.259269991152404,0.8976382971241408,0.5,28.0,28.0,110.0,2.2,0.6,8.0,2,0,-1
id029_r1_891342,29,id029,ID 29,1,CH0.npy,0,1.0,sharkfin,rise,891326,891342,891342,247.595,891379,247.6052777777778,891317,891392,id029_r1_891342,-0.0013945098103554376,-0.0013945098103554376,16.090473580852304,13.037321408228554,37.0,17.531674028130716,0.917794476159783,0.5,25.0,13.0,110.0,2.2,0.6,8.0,1,1,-1
id029_r1_891417,29,id029,ID 29,1,CH0.npy,0,1.0,sharkfin,rise,891392,891416,891417,247.61583333333334,891450,247.625,891384,891476,id029_r1_891417,-0.0014126378482992308,-0.001663724627073787,16.467553898695698,16.314875584683307,33.0,17.714183725256017,0.929625330419096,0.5,33.0,26.0,110.0,2.2,0.6,8.0,2,0,-1
id029_r1_891492,29,id029,ID 29,1,CH0.npy,0,1.0,sharkfin,rise,891476,891492,891492,247.63666666666666,891525,247.64583333333334,891468,891550,id029_r1_891492,-0.0012332850891383085,-0.0017180566436607037,16.87930593913256,14.577385951882349,33.0,17.74816205810098,0.9510452904292792,0.5,24.0,25.0,110.0,2.2,0.6,8.0,1,1,-1
id029_r1_891566,29,id029,ID 29,1,CH0.npy,0,1.0,sharkfin,rise,891550,891566,891566,247.65722222222223,891602,247.66722222222222,891541,891620,id029_r1_891566,-0.001617401520313838,-0.001617401520313838,16.179316234192164,13.349233396017567,36.0,17.804345399212107,0.9087285082049771,0.5,25.0,18.0,110.0,2.2,0.6,8.0,1,1,-1
id029_r1_891644,29,id029,ID 29,1,CH0.npy,0,1.0,sharkfin,rise,891620,891644,891644,247.67888888888888,891679,247.6886111111111,891611,891708,id029_r1_891644,-0.0006442030809424848,-0.0017114864839460064,17.14243683913369,16.714540430618317,35.0,17.611385227835118,0.973372430241305,0.5,33.0,29.0,110.0,2.2,0.6,8.0,1,1,-1
id029_r1_891724,29,id029,ID 29,1,CH0.npy,0,1.0,sharkfin,rise,891708,891724,891724,247.70111111111112,891762,247.71166666666667,891698,891788,id029_r1_891724,-0.001440933918763182,-0.0016276233480666813,16.411982319206096,14.505954703132428,38.0,17.508032751291925,0.9373972822843304,0.5,26.0,26.0,110.0,2.2,0.6,8.0,1,1,-1
id029_r1_891803,29,id029,ID 29,1,CH0.npy,0,1.0,sharkfin,rise,891788,891802,891803,247.72305555555556,891842,247.73388888888888,891778,891866,id029_r1_891803,-0.0009209609973210575,-0.0016510313339797855,17.00463856862178,14.087812284677703,39.0,17.11341895272428,0.9936435621424914,0.5,25.0,24.0,110.0,2.2,0.6,8.0,1,1,-1
id029_r1_891881,29,id029,ID 29,1,CH0.npy,0,1.0,sharkfin,rise,891866,891880,891881,247.7447222222222,891920,247.75555555555556,891856,891948,id029_r1_891881,-0.0010091709058963894,-0.0016141324056549167,16.39575850155117,14.505061265541631,39.0,16.728592224345196,0.9801039012529907,0.5,25.0,28.0,110.0,2.2,0.6,8.0,1,1,-1
id029_r1_891962,29,id029,ID 29,1,CH0.npy,0,1.0,sharkfin,rise,891948,891962,891962,247.76722222222222,892001,247.77805555555557,891938,892030,id029_r1_891962,-0.0002509240523643208,-0.0014956790212944104,16.760072236645385,13.558803948912402,39.0,16.980698820785122,0.9870072141041875,0.5,24.0,29.0,110.0,2.2,0.6,8.0,1,1,-1
id029_r1_892046,29,id029,ID 29,1,CH0.npy,0,1.0,sharkfin,rise,892030,892046,892046,247.79055555555556,892088,247.8022222222222,892020,892122,id029_r1_892046,-0.0006114494261090231,-0.0015889027817410362,16.49144742717823,15.009283579001774,42.0,16.650141987623435,0.9904688764478304,0.5,26.0,34.0,110.0,2.2,0.6,8.0,1,1,-1
id029_r1_892138,29,id029,ID 29,1,CH0.npy,0,1.0,sharkfin,rise,892122,892138,892138,247.8161111111111,892180,247.82777777777778,892112,892212,id029_r1_892138,-0.001590737132866199,-0.001590737132866199,15.104809129412756,12.924994133748758,42.0,16.78808980025398,0.8997336390936056,0.5,26.0,32.0,110.0,2.2,0.6,8.0,1,1,-1
id029_r1_892227,29,id029,ID 29,1,CH0.npy,0,1.0,sharkfin,rise,892212,892226,892227,247.84083333333334,892270,247.8527777777778,892201,892300,id029_r1_892227,-0.000943135954098423,-0.0015162098873698626,16.298863954553823,14.308188020911661,43.0,16.440254987524273,0.9913997055959445,0.5,26.0,30.0,110.0,2.2,0.6,8.0,1,1,-1
id029_r1_892314,29,id029,ID 29,1,CH0.npy,0,1.0,sharkfin,rise,892300,892314,892314,247.865,892357,247.87694444444443,892289,892392,id029_r1_892314,-0.0004629222152782164,-0.001534129935293449,16.405193838813837,13.731657663620167,43.0,16.51811063224318,0.9931640611966281,0.5,25.0,35.0,110.0,2.2,0.6,8.0,1,1,-1
id029_r1_892406,29,id029,ID 29,1,CH0.npy,0,1.0,sharkfin,rise,892392,892406,892406,247.89055555555555,892447,247.90194444444444,892382,892476,id029_r1_892406,-0.0009988009327051295,-0.001458123405815609,15.872967922727632,13.078279041022157,41.0,16.185959054804687,0.9806627997131782,0.5,24.0,29.0,110.0,2.2,0.6,8.0,1,1,-1
id029_r1_892491,29,id029,ID 29,1,CH0.npy,0,1.0,sharkfin,rise,892476,892490,892491,247.91416666666666,892533,247.92583333333334,892466,892568,id029_r1_892491,-0.0008545469824943197,-0.0015767629813572825,16.217851670903226,14.5451254942347,42.0,16.341061979566252,0.9924600794723689,0.5,25.0,35.0,110.0,2.2,0.6,8.0,1,1,-1
id029_r1_892582,29,id029,ID 29,1,CH0.npy,0,1.0,sharkfin,rise,892568,892582,892582,247.93944444444443,892627,247.95194444444445,892557,892666,id029_r1_892582,-0.0011919294474016795,-0.001475380970625828,15.52864623662903,12.661799588242928,45.0,16.251110855808992,0.9555436778697675,0.5,25.0,39.0,110.0,2.2,0.6,8.0,3,0,-1
id029_r1_892680,29,id029,ID 29,1,CH0.npy,0,1.0,sharkfin,rise,892666,892680,892680,247.96666666666667,892724,247.9788888888889,892655,892762,id029_r1_892680,-0.001163840385421555,-0.00152044715889596,15.598672708079075,12.643176437979575,44.0,16.195202829905885,0.9631662457030014,0.5,25.0,38.0,110.0,2.2,0.6,8.0,3,0,-1
id029_r1_892776,29,id029,ID 29,1,CH0.npy,0,1.0,sharkfin,rise,892762,892776,892776,247.99333333333334,892822,248.00611111111112,892750,892860,id029_r1_892776,-0.001084493698088801,-0.0015169967102708903,15.660132355640622,12.975583660513601,46.0,16.04921558297312,0.9757568695291698,0.5,26.0,38.0,110.0,2.2,0.6,8.0,3,0,-1
id029_r1_892875,29,id029,ID 29,1,CH0.npy,0,1.0,sharkfin,rise,892860,892874,892875,248.02083333333334,892922,248.0338888888889,892848,892962,id029_r1_892875,-0.0010774104781136884,-0.0014698724031811938,15.163612788968884,13.833758197578483,47.0,15.661750482754533,0.9681939963011057,0.5,27.0,40.0,110.0,2.2,0.6,8.0,1,1,-1
id029_r1_892977,29,id029,ID 29,1,CH0.npy,0,1.0,sharkfin,rise,892962,892976,892977,248.04916666666668,893009,248.05805555555557,892954,893070,id029_r1_892977,-0.001229028755726197,-0.0014487412963553326,13.467774363034035,13.398775047634814,32.0,15.085239398649419,0.8927782985160848,0.5,23.0,61.0,110.0,2.2,0.6,8.0,1,1,-1
id029_r1_893084,29,id029,ID 29,1,CH0.npy,0,1.0,sharkfin,rise,893070,893084,893084,248.07888888888888,893116,248.08777777777777,893062,893174,id029_r1_893084,-0.0014183381216414104,-0.0014183381216414104,12.610257564623694,11.248496606808821,32.0,15.039975139061967,0.8384493623179079,0.5,22.0,58.0,110.0,2.2,0.6,8.0,2,0,-1
id029_r1_893188,29,id029,ID 29,1,CH0.npy,0,1.0,sharkfin,rise,893174,893188,893188,248.10777777777778,893222,248.1172222222222,893166,893282,id029_r1_893188,-0.0003336837630740219,-0.0013681323197640427,13.851251359001004,14.029644333855229,34.0,14.780223157738803,0.9371476473106296,0.5,22.0,60.0,110.0,2.2,0.6,8.0,1,1,-1
id029_r1_893296,29,id029,ID 29,1,CH0.npy,0,1.0,sharkfin,rise,893282,893296,893296,248.13777777777779,893331,248.1475,893273,893402,id029_r1_893296,-0.0013447619913907471,-0.0013447619913907471,12.627429505838617,11.909940910370509,35.0,14.20048507815891,0.8892252226834325,0.5,23.0,71.0,110.0,2.2,0.6,8.0,1,1,-1
id029_r1_893416,29,id029,ID 29,1,CH0.npy,0,1.0,sharkfin,rise,893402,893416,893416,248.17111111111112,893451,248.18083333333334,893393,893534,id029_r1_893416,-0.001381527373047059,-0.001381527373047059,12.216908432644003,11.034714897236398,35.0,14.061223145777236,0.8688368220877638,0.5,23.0,83.0,110.0,2.2,0.6,8.0,1,1,-1
id029_r1_893548,29,id029,ID 29,1,CH0.npy,0,1.0,sharkfin,rise,893534,893548,893548,248.20777777777778,893586,248.21833333333333,893524,893678,id029_r1_893548,-0.00017926104398197085,-0.001290199418144955,14.084447574222613,13.834586525066971,38.0,14.276378644557719,0.9865560395171873,0.5,24.0,92.0,110.0,2.2,0.6,8.0,2,0,-1
id029_r1_893691,29,id029,ID 29,1,CH0.npy,0,1.0,sharkfin,rise,893678,893690,893691,248.2475,893727,248.2575,893669,893824,id029_r1_893691,-0.0012422705376264886,-0.0012826727094414903,12.789692865087133,10.999768153364897,36.0,14.086241535557987,0.9079563794786588,0.5,22.0,97.0,110.0,2.2,0.6,8.0,2,0,-1
id029_r1_893838,29,id029,ID 29,1,CH0.npy,0,1.0,sharkfin,rise,893824,893838,893838,248.28833333333333,893874,248.29833333333335,893815,893986,id029_r1_893838,-0.00108415936217085,-0.0012054620518597847,12.80346558984552,12.845382195947607,36.0,13.80222555302285,0.9276377596250345,0.5,23.0,112.0,110.0,2.2,0.6,8.0,1,1,-1
id029_r1_893998,29,id029,ID 29,1,CH0.npy,0,1.0,sharkfin,rise,893986,893998,893998,248.33277777777778,894038,248.3438888888889,893976,894172,id029_r1_893998,-0.00031178708652385145,-0.0012357816400848654,13.588028922827178,12.386175902203478,40.0,13.744343066936725,0.9886270196146678,0.5,22.0,134.0,110.0,2.2,0.6,8.0,1,1,-1
id029_r1_894186,29,id029,ID 29,1,CH0.npy,0,1.0,sharkfin,rise,894172,894186,894186,248.385,894222,248.395,894163,894338,id029_r1_894186,-0.0009193159656737671,-0.0012446997784145708,12.875252464586872,12.998906652116283,36.0,13.483978255013518,0.9548556235471298,0.5,23.0,116.0,110.0,2.2,0.6,8.0,1,1,-1
id029_r1_894352,29,id029,ID 29,1,CH0.npy,0,1.0,sharkfin,rise,894338,894352,894352,248.4311111111111,894390,248.44166666666666,894328,894476,id029_r1_894352,-0.0012265842785102732,-0.0012265842785102732,12.0234068826216,11.898704823159523,38.0,13.426591234703578,0.8954921373896317,0.5,24.0,86.0,110.0,2.2,0.6,8.0,1,1,-1
id029_r1_894489,29,id029,ID 29,1,CH0.npy,0,1.0,sharkfin,rise,894476,894488,894489,248.46916666666667,894531,248.48083333333332,894466,894640,id029_r1_894489,-0.0009431259230585909,-0.0012703203109822314,13.42629937635309,12.804579329346144,42.0,13.854562793958358,0.9690886371533843,0.5,23.0,109.0,110.0,2.2,0.6,8.0,1,1,-1
id029_r1_894654,29,id029,ID 29,1,CH0.npy,0,1.0,sharkfin,rise,894640,894654,894654,248.515,894691,248.52527777777777,894631,894816,id029_r1_894654,-0.0012845396167353307,-0.0012845396167353307,11.787097189697171,11.722409362567133,37.0,13.340071915287744,0.8835857306128266,0.5,23.0,125.0,110.0,2.2,0.6,8.0,1,1,-1
id029_r1_894829,29,id029,ID 29,1,CH0.npy,0,1.0,sharkfin,rise,894816,894828,894829,248.5636111111111,894865,248.57361111111112,894807,895014,id029_r1_894829,-0.0008810482586409374,-0.0012778386183071866,12.9302979694505,12.850492561217951,36.0,13.523975623917329,0.9561018393572891,0.5,22.0,149.0,110.0,2.2,0.6,8.0,1,1,-1
id029_r1_895028,29,id029,ID 29,1,CH0.npy,0,1.0,sharkfin,rise,895014,895028,895028,248.61888888888888,895069,248.6302777777778,895004,895190,id029_r1_895028,-0.0010386328876944295,-0.0012315237295848491,12.96283845381857,12.814666982869483,41.0,13.591148490807614,0.95377064437093,0.5,24.0,121.0,110.0,2.2,0.6,8.0,1,1,-1
id029_r1_895202,29,id029,ID 29,1,CH0.npy,0,1.0,sharkfin,rise,895190,895202,895202,248.66722222222222,895240,248.67777777777778,895180,895386,id029_r1_895202,-0.0005547272011885152,-0.0012402264694134912,13.081125571622664,12.575017687781298,38.0,13.28445296597469,0.9846943344319253,0.5,22.0,146.0,110.0,2.2,0.6,8.0,2,0,-1
id029_r1_895398,29,id029,ID 29,1,CH0.npy,0,1.0,sharkfin,rise,895386,895398,895398,248.72166666666666,895435,248.73194444444445,895377,895628,id029_r1_895398,-0.0007265380875740857,-0.0012338510913787182,12.750368771796749,12.44884344119096,37.0,13.082267827468518,0.9746298531685088,0.5,21.0,193.0,110.0,2.2,0.6,8.0,1,1,-1
id029_r1_895640,29,id029,ID 29,1,CH0.npy,0,1.0,sharkfin,rise,895628,895640,895640,248.7888888888889,895674,248.79833333333335,895620,895868,id029_r1_895640,-0.0008280353309875199,-0.0012145129597056215,12.463111561978103,12.420690324512096,34.0,13.08496120928787,0.9524760037600745,0.5,20.0,194.0,110.0,2.2,0.6,8.0,1,1,-1
id029_r1_895880,29,id029,ID 29,1,CH0.npy,0,1.0,sharkfin,rise,895868,895880,895880,248.85555555555555,895915,248.86527777777778,895859,896125,id029_r1_895880,-0.0009227443149963932,-0.0011612140660028358,11.965807236489045,11.953227234549502,35.0,12.757279018916323,0.9379592010762096,0.5,21.0,210.0,110.0,2.2,0.6,8.0,1,1,-1
id029_r1_896218,29,id029,ID 29,1,CH0.npy,0,1.0,sharkfin,rise,896206,896218,896218,248.94944444444445,896258,248.96055555555554,896196,896400,id029_r1_896218,-0.000762717719903272,-0.0012169882271351462,12.435565036993223,12.51372323722466,40.0,12.767472014951375,0.9740037042909143,0.5,22.0,142.0,110.0,2.2,0.6,8.0,2,0,-1
id033_r16_119527,33,id033,ID 33,16,CH15.npy,15,1.0,trough,fall,-1,-1,119527,33.20194444444444,119553,33.20916666666667,119520,119709,id033_r16_119527,-0.0003048125378455335,-0.0007009588913575726,5.960885368624602,0.0,26.0,6.325545994294135,0.9423511225752734,0.5,7.0,156.0,200.0,4.0,0.6,8.0,1,1,-1
id033_r16_119723,33,id033,ID 33,16,CH15.npy,15,1.0,trough,fall,-1,-1,119723,33.256388888888885,119747,33.26305555555555,119579,119782,id033_r16_119723,-0.0005095304038624793,-0.0006391828568215185,4.624627179258489,0.0,24.0,4.996533469034947,0.9255671372800212,0.5,144.0,35.0,200.0,4.0,0.6,8.0,1,1,-1
id033_r16_119914,33,id033,ID 33,16,CH15.npy,15,1.0,trough,fall,-1,-1,119914,33.309444444444445,119936,33.315555555555555,119782,119990,id033_r16_119914,-0.0004298331184289239,-0.0006817310437265967,4.933192085328386,0.0,22.0,5.20945675608786,0.9469686219322914,0.5,132.0,54.0,200.0,4.0,0.6,8.0,1,1,-1
id033_r16_120108,33,id033,ID 33,16,CH15.npy,15,1.0,trough,fall,-1,-1,120108,33.36333333333334,120128,33.36888888888889,119988,120173,id033_r16_120108,-0.0006132413011463722,-0.0006132413011463722,3.8383496629741387,0.0,20.0,4.622450966911273,0.8303710932684978,0.5,120.0,45.0,200.0,4.0,0.6,8.0,1,1,-1
id033_r16_120304,33,id033,ID 33,16,CH15.npy,15,1.0,trough,fall,-1,-1,120304,33.41777777777778,120323,33.42305555555556,120190,120369,id033_r16_120304,-0.0006285575604372262,-0.0006285575604372262,3.6919732582121334,0.0,19.0,4.561820044589826,0.8093202323030468,0.5,114.0,46.0,200.0,4.0,0.6,8.0,1,1,-1
id033_r16_120498,33,id033,ID 33,16,CH15.npy,15,1.0,trough,fall,-1,-1,120498,33.471666666666664,120519,33.4775,120372,120561,id033_r16_120498,-0.0004540929532186322,-0.0007036876643713441,4.3224826409691275,0.0,21.0,4.52671839540697,0.9548821604089466,0.5,126.0,42.0,200.0,4.0,0.6,8.0,1,1,-1
id033_r16_120691,33,id033,ID 33,16,CH15.npy,15,1.0,trough,fall,-1,-1,120691,33.52527777777778,120711,33.530833333333334,120571,120753,id033_r16_120691,-0.0005617659929577634,-0.0006232557155161356,4.142427125459314,0.0,20.0,4.620292798138692,0.8965724265631198,0.5,120.0,42.0,200.0,4.0,0.6,8.0,1,1,-1
id033_r16_120900,33,id033,ID 33,16,CH15.npy,15,1.0,trough,fall,-1,-1,120900,33.583333333333336,120919,33.58861111111111,120786,121033,id033_r16_120900,-0.0005015157553525107,-0.0006372606291844551,4.481789518705259,0.0,19.0,5.658144319516278,0.792095299380489,0.5,114.0,114.0,200.0,4.0,0.6,8.0,2,0,-1
id033_r16_121108,33,id033,ID 33,16,CH15.npy,15,1.0,trough,fall,-1,-1,121108,33.64111111111111,121127,33.646388888888886,120994,121241,id033_r16_121108,-0.0002099970740934154,-0.0006936690222583142,4.865908271300068,0.0,19.0,6.072772318769903,0.8012663765213748,0.5,114.0,114.0,200.0,4.0,0.6,8.0,1,1,-1
id033_r16_121317,33,id033,ID 33,16,CH15.npy,15,1.0,trough,fall,-1,-1,121317,33.69916666666666,121335,33.704166666666666,121209,121443,id033_r16_121317,-0.00036259063145238635,-0.0006091813845354732,4.1268670629373005,0.0,18.0,4.2825776614452415,0.9636409165653301,0.5,108.0,108.0,200.0,4.0,0.6,8.0,1,1,-1
id033_r16_121512,33,id033,ID 33,16,CH15.npy,15,1.0,trough,fall,-1,-1,121512,33.75333333333333,121529,33.75805555555556,121410,121572,id033_r16_121512,-0.00039112408799812926,-0.0006267150699175161,4.329300813142645,0.0,17.0,4.838684403198457,0.8947268415110726,0.5,102.0,43.0,200.0,4.0,0.6,8.0,1,1,-1
id033_r16_121693,33,id033,ID 33,16,CH15.npy,15,1.0,trough,fall,-1,-1,121693,33.80361111111111,121711,33.80861111111111,121585,121740,id033_r16_121693,-0.00019878201737788537,-0.0006552095955330017,4.105214494426246,0.0,18.0,4.530220705269539,0.906184215186486,0.5,108.0,29.0,200.0,4.0,0.6,8.0,1,1,-1
id033_r16_121860,33,id033,ID 33,16,CH15.npy,15,1.0,trough,fall,-1,-1,121860,33.85,121875,33.854166666666664,121770,121965,id033_r16_121860,-0.0006413305204915343,-0.0006413305204915343,3.8466564135895,0.0,15.0,4.612056413335175,0.8340436605387961,0.5,90.0,90.0,200.0,4.0,0.6,8.0,1,1,-1
id033_r16_122010,33,id033,ID 33,16,CH15.npy,15,1.0,trough,fall,-1,-1,122010,33.891666666666666,122027,33.896388888888886,121908,122129,id033_r16_122010,-0.0003688088749280727,-0.0007063011780503725,4.346071033925369,0.0,17.0,4.825195176707098,0.9007036761757062,0.5,102.0,102.0,200.0,4.0,0.6,8.0,1,1,-1
id033_r16_122164,33,id033,ID 33,16,CH15.npy,15,1.0,trough,fall,-1,-1,122164,33.934444444444445,122179,33.93861111111111,122074,122200,id033_r16_122164,-0.0006913502283407702,-0.0006913502283407702,3.2029779637672284,0.0,15.0,4.041719605500038,0.7924790129945095,0.5,90.0,21.0,200.0,4.0,0.6,8.0,1,1,-1
id033_r16_122312,33,id033,ID 33,16,CH15.npy,15,1.0,trough,fall,-1,-1,122312,33.97555555555556,122327,33.97972222222222,122222,122400,id033_r16_122312,-0.00034743783632107395,-0.0007089265976329973,4.75951163607613,0.0,15.0,5.493770825702793,0.8663469567766813,0.5,90.0,73.0,200.0,4.0,0.6,8.0,1,1,-1
id033_r16_122449,33,id033,ID 33,16,CH15.npy,15,1.0,trough,fall,-1,-1,122449,34.01361111111111,122467,34.01861111111111,122396,122496,id033_r16_122449,-0.00025513566411805577,-0.0006267379194697664,4.21433010841854,0.0,18.0,4.953424827701891,0.8507911707572539,0.5,53.0,29.0,200.0,4.0,0.6,8.0,1,1,-1
id033_r16_122597,33,id033,ID 33,16,CH15.npy,15,1.0,trough,fall,-1,-1,122597,34.054722222222225,122611,34.05861111111111,122513,122695,id033_r16_122597,-0.0005785359626535591,-0.0006237961788126967,3.8488706701436115,0.0,14.0,4.444746919971099,0.8659369677157318,0.5,84.0,84.0,200.0,4.0,0.6,8.0,1,1,-1
id033_r16_122742,33,id033,ID 33,16,CH15.npy,15,1.0,trough,fall,-1,-1,122742,34.095,122759,34.09972222222222,122640,122836,id033_r16_122742,-0.00030453992826240395,-0.0006324354371374241,4.771014793196304,0.0,17.0,4.979231722839206,0.9581829203312968,0.5,102.0,77.0,200.0,4.0,0.6,8.0,1,1,-1
id033_r16_122892,33,id033,ID 33,16,CH15.npy,15,1.0,trough,fall,-1,-1,122892,34.13666666666666,122909,34.14138888888889,122832,123011,id033_r16_122892,-0.000490894693740529,-0.0006571368612506845,4.239429654971261,0.0,17.0,4.66918286027429,0.9079596541486097,0.5,60.0,102.0,200.0,4.0,0.6,8.0,1,1,-1
id033_r16_123041,33,id033,ID 33,16,CH15.npy,15,1.0,trough,fall,-1,-1,123041,34.17805555555555,123059,34.183055555555555,122933,123167,id033_r16_123041,-0.00043227206716878186,-0.0007440106736840146,4.440667990513347,0.0,18.0,4.673498629716999,0.9501806552968326,0.5,108.0,108.0,200.0,4.0,0.6,8.0,1,1,-1
id033_r16_123196,33,id033,ID 33,16,CH15.npy,15,1.0,trough,fall,-1,-1,123196,34.221111111111114,123213,34.225833333333334,123094,123315,id033_r16_123196,-0.0006348041724548725,-0.0006631689091112225,4.502359252381183,0.0,17.0,5.019427861958192,0.8969865443239403,0.5,102.0,102.0,200.0,4.0,0.6,8.0,1,1,-1
id033_r16_123340,33,id033,ID 33,16,CH15.npy,15,1.0,trough,fall,-1,-1,123340,34.26111111111111,123359,34.26638888888889,123226,123385,id033_r16_123340,-0.00027113640173581643,-0.0006526615844524297,4.319011164087616,0.0,19.0,4.514215358615292,0.9567578905700339,0.5,114.0,26.0,200.0,4.0,0.6,8.0,1,1,-1
id033_r16_123490,33,id033,ID 33,16,CH15.npy,15,1.0,trough,fall,-1,-1,123490,34.30277777777778,123507,34.3075,123388,123588,id033_r16_123490,-0.0005494458988011264,-0.0006899250541276825,4.189607931364137,0.0,17.0,5.716433872205329,0.7329058684182483,0.5,102.0,81.0,200.0,4.0,0.6,8.0,1,1,-1
id033_r16_123648,33,id033,ID 33,16,CH15.npy,15,1.0,trough,fall,-1,-1,123648,34.346666666666664,123667,34.35194444444444,123584,123781,id033_r16_123648,-0.0003150754503722375,-0.0006889982587392485,5.149558021780187,0.0,19.0,5.721380618630256,0.9000551379175735,0.5,64.0,114.0,200.0,4.0,0.6,8.0,1,1,-1
id033_r16_123800,33,id033,ID 33,16,CH15.npy,15,1.0,trough,fall,-1,-1,123800,34.388888888888886,123819,34.39416666666666,123686,123905,id033_r16_123800,-0.0006726637538152502,-0.0006726637538152502,4.34917218341857,0.0,19.0,5.581418321039866,0.7792234756932325,0.5,114.0,86.0,200.0,4.0,0.6,8.0,1,1,-1
id033_r16_123959,33,id033,ID 33,16,CH15.npy,15,1.0,trough,fall,-1,-1,123959,34.433055555555555,123979,34.43861111111111,123900,124025,id033_r16_123959,-0.0005543327032480061,-0.0006955704827478204,4.863010972802062,0.0,20.0,5.878274253974691,0.8272854859593967,0.5,59.0,46.0,200.0,4.0,0.6,8.0,1,1,-1
id033_r16_124124,33,id033,ID 33,16,CH15.npy,15,1.0,trough,fall,-1,-1,124124,34.47888888888889,124143,34.48416666666667,124020,124185,id033_r16_124124,-0.0007103711864486772,-0.0007103711864486772,4.45337305985305,0.0,19.0,5.698607746549289,0.7814844007380095,0.5,104.0,42.0,200.0,4.0,0.6,8.0,1,1,-1
id033_r16_124282,33,id033,ID 33,16,CH15.npy,15,1.0,trough,fall,-1,-1,124282,34.522777777777776,124303,34.52861111111111,124180,124429,id033_r16_124282,-0.00024934918501351433,-0.0006787280781017646,4.937920116332872,0.0,21.0,5.456221818711526,0.9050072156888501,0.5,102.0,126.0,200.0,4.0,0.6,8.0,1,1,-1
id033_r16_124445,33,id033,ID 33,16,CH15.npy,15,1.0,trough,fall,-1,-1,124445,34.56805555555555,124467,34.57416666666666,124313,124502,id033_r16_124445,-0.0002673033029865213,-0.0006653643054821412,4.935919230007801,0.0,22.0,5.299254735874115,0.9314364898507976,0.5,132.0,35.0,200.0,4.0,0.6,8.0,1,1,-1
id034_r16_165960,34,id034,ID 34,16,CH15.npy,15,1.0,trough,fall,-1,-1,165960,46.1,165987,46.1075,165960,166066,id034_r16_165960,-0.0003808867997312504,-0.0006597572063460344,10.561807425456315,0.0,27.0,11.515702006480666,0.9171657463446407,0.5,0.0,79.0,560.0,11.2,0.6,8.0,1,1,-1
id034_r16_166181,34,id034,ID 34,16,CH15.npy,15,1.0,trough,fall,-1,-1,166181,46.16138888888889,166211,46.16972222222222,166158,166254,id034_r16_166181,-0.00023816911585439193,-0.0004148853433214583,3.23833619343894,0.0,30.0,3.321902877013283,0.9748437306362557,0.5,23.0,43.0,560.0,11.2,0.6,8.0,1,1,-1
id034_r16_166305,34,id034,ID 34,16,CH15.npy,15,1.0,trough,fall,-1,-1,166305,46.19583333333333,166351,46.20861111111111,166246,166401,id034_r16_166305,-0.0003296281465987594,-0.0004964077347127116,7.036322974718789,0.0,46.0,7.560729787500886,0.9306407149149774,0.25,59.0,50.0,560.0,11.2,0.6,8.0,1,1,-1
id034_r16_166430,34,id034,ID 34,16,CH15.npy,15,1.0,trough,fall,-1,-1,166430,46.230555555555554,166471,46.24194444444444,166389,166586,id034_r16_166430,-0.0002844440132578896,-0.0005844219831601105,6.234171028633995,0.0,41.0,12.237495791296293,0.50943192422325,0.5,41.0,115.0,560.0,11.2,0.6,8.0,2,0,-1
id034_r16_166578,34,id034,ID 34,16,CH15.npy,15,1.0,trough,fall,-1,-1,166578,46.27166666666667,166641,46.28916666666667,166576,166724,id034_r16_166578,-0.000413698753221281,-0.0006691878268716422,7.625130230232813,0.0,63.0,8.549030677821534,0.8919292160238043,0.5,2.0,83.0,560.0,11.2,0.6,8.0,1,1,-1
id034_r16_166748,34,id034,ID 34,16,CH15.npy,15,1.0,trough,fall,-1,-1,166748,46.318888888888885,166822,46.339444444444446,166708,166913,id034_r16_166748,-0.0005072947567714703,-0.0007737908673024485,13.238901352166543,0.0,74.0,13.657208436256951,0.9693709672776252,0.5,40.0,91.0,560.0,11.2,0.6,8.0,1,1,-1
id034_r16_166972,34,id034,ID 34,16,CH15.npy,15,1.0,trough,fall,-1,-1,166972,46.38111111111111,167011,46.39194444444445,166895,167158,id034_r16_166972,-0.0006083134661036826,-0.0008441541518933171,9.152701685404718,0.0,39.0,10.021198710834067,0.9133340181658703,0.5,77.0,147.0,560.0,11.2,0.6,8.0,1,1,-1
id034_r16_167227,34,id034,ID 34,16,CH15.npy,15,1.0,trough,fall,-1,-1,167227,46.45194444444444,167260,46.46111111111111,167148,167387,id034_r16_167227,-0.0001717338806022095,-0.0008148709003037435,6.8990548203489155,0.0,33.0,7.870042141634226,0.8766223479098572,0.5,79.0,127.0,560.0,11.2,0.6,8.0,1,1,-1
id034_r16_167512,34,id034,ID 34,16,CH15.npy,15,1.0,trough,fall,-1,-1,167512,46.53111111111111,167589,46.5525,167379,167761,id034_r16_167512,-0.00020117650220807803,-0.0015330789151932755,26.41709253431035,0.0,77.0,27.031539586437336,0.9772692543033962,0.25,133.0,172.0,560.0,11.2,0.6,8.0,1,1,-1
id034_r16_167808,34,id034,ID 34,16,CH15.npy,15,1.0,trough,fall,-1,-1,167808,46.61333333333334,167866,46.629444444444445,167742,168214,id034_r16_167808,-0.0003339929295809174,-0.0003339929295809174,6.051416251339425,0.0,58.0,9.730110146818571,0.6219267983639467,0.5,66.0,348.0,560.0,11.2,0.6,8.0,3,0,-1
id034_r16_168116,34,id034,ID 34,16,CH15.npy,15,1.0,trough,fall,-1,-1,168116,46.69888888888889,168171,46.714166666666664,167973,168295,id034_r16_168116,-0.0002463433314974228,-0.000667127465713957,7.88575677518244,0.0,55.0,9.620703866478397,0.8196652640623243,0.25,143.0,124.0,560.0,11.2,0.6,8.0,1,1,-1
id034_r16_168448,34,id034,ID 34,16,CH15.npy,15,1.0,trough,fall,-1,-1,168448,46.791111111111114,168498,46.805,168281,168601,id034_r16_168448,-0.000474852950932414,-0.0006813417738253946,9.06921181147835,0.0,50.0,10.494092638423158,0.864220673855333,0.25,167.0,103.0,560.0,11.2,0.6,8.0,1,1,-1
id034_r16_168723,34,id034,ID 34,16,CH15.npy,15,1.0,trough,fall,-1,-1,168723,46.8675,168771,46.880833333333335,168589,168832,id034_r16_168723,-0.00022170584905190083,-0.0006638199306943093,8.340029595423015,0.0,48.0,8.364428488244702,0.9970830173447025,0.25,134.0,61.0,560.0,11.2,0.6,8.0,1,1,-1
id034_r16_168988,34,id034,ID 34,16,CH15.npy,15,1.0,trough,fall,-1,-1,168988,46.94111111111111,169031,46.95305555555556,168730,169150,id034_r16_168988,-0.00044663975502334807,-0.0006705923422922755,6.521578407883588,0.0,43.0,10.83793652314391,0.601736169422755,0.5,258.0,119.0,560.0,11.2,0.6,8.0,3,0,-1
id034_r16_169249,34,id034,ID 34,16,CH15.npy,15,1.0,trough,fall,-1,-1,169249,47.01361111111111,169289,47.02472222222222,169009,169529,id034_r16_169249,-0.0007258047117937316,-0.0017850294615628925,18.569446097132403,0.0,40.0,21.441896788690684,0.8660356068371093,0.5,240.0,240.0,560.0,11.2,0.6,8.0,4,0,-1
id034_r16_169480,34,id034,ID 34,16,CH15.npy,15,1.0,trough,fall,-1,-1,169480,47.077777777777776,169499,47.08305555555555,169392,169562,id034_r16_169480,-0.00038658353411547,-0.00038658353411547,3.0753966168131086,0.0,19.0,4.585818405448361,0.6706320104518887,0.5,88.0,63.0,560.0,11.2,0.6,8.0,1,1,-1
id034_r16_169708,34,id034,ID 34,16,CH15.npy,15,1.0,trough,fall,-1,-1,169708,47.14111111111111,169733,47.14805555555556,169558,169794,id034_r16_169708,-0.0004592593276750989,-0.0006838997578291206,5.785875945732322,0.0,25.0,7.826215016003335,0.7392942736560583,0.5,150.0,61.0,560.0,11.2,0.6,8.0,4,0,-1
id034_r16_169943,34,id034,ID 34,16,CH15.npy,15,1.0,trough,fall,-1,-1,169943,47.20638888888889,169973,47.21472222222222,169763,170153,id034_r16_169943,-0.00027875675688959767,-0.000753217288443464,6.669212227201626,0.0,30.0,10.679876305484282,0.62446530619244,0.5,180.0,180.0,560.0,11.2,0.6,8.0,4,0,-1
id034_r16_170174,34,id034,ID 34,16,CH15.npy,15,1.0,trough,fall,-1,-1,170174,47.27055555555555,170194,47.27611111111111,170054,170266,id034_r16_170174,-0.0005570901017994956,-0.0007263719134380509,5.381264375471595,0.0,20.0,5.860576099547821,0.9182142308307868,0.5,120.0,72.0,560.0,11.2,0.6,8.0,4,0,-1
id034_r16_170404,34,id034,ID 34,16,CH15.npy,15,1.0,trough,fall,-1,-1,170404,47.33444444444444,170447,47.34638888888889,170261,170705,id034_r16_170404,-0.0006597493918638619,-0.0006597493918638619,6.6584376497993425,0.0,43.0,8.05254534244737,0.826873661263443,0.5,143.0,258.0,560.0,11.2,0.6,8.0,6,0,-1
id034_r16_170620,34,id034,ID 34,16,CH15.npy,15,1.0,trough,fall,-1,-1,170620,47.394444444444446,170661,47.405833333333334,170481,170700,id034_r16_170620,-0.000543722506998634,-0.0007892416585260076,6.658090196637545,0.0,41.0,6.948934838763687,0.9581454353977095,0.25,139.0,39.0,560.0,11.2,0.6,8.0,1,1,-1
id034_r16_170822,34,id034,ID 34,16,CH15.npy,15,1.0,trough,fall,-1,-1,170822,47.45055555555555,170859,47.46083333333333,170690,170908,id034_r16_170822,-0.0005223512875873748,-0.0007514486423683131,6.475858283574443,0.0,37.0,6.709439239525494,0.9651862178622888,0.25,132.0,49.0,560.0,11.2,0.6,8.0,1,1,-1
id034_r16_171035,34,id034,ID 34,16,CH15.npy,15,1.0,trough,fall,-1,-1,171035,47.50972222222222,171052,47.51444444444444,170933,171154,id034_r16_171035,-8.727061612301412e-05,-0.001463516374564211,7.896459586244742,0.0,17.0,14.770216690281668,0.5346204291938629,0.5,102.0,102.0,560.0,11.2,0.6,8.0,2,0,-1
id034_r16_171163,34,id034,ID 34,16,CH15.npy,15,1.0,trough,fall,-1,-1,171163,47.54527777777778,171193,47.55361111111111,171097,171292,id034_r16_171163,-0.0005347483469460013,-0.0005347483469460013,5.0460698051795205,0.0,30.0,9.663590533320665,0.5221733876016741,0.125,66.0,99.0,560.0,11.2,0.6,8.0,1,1,-1
id034_r16_171312,34,id034,ID 34,16,CH15.npy,15,1.0,trough,fall,-1,-1,171312,47.586666666666666,171338,47.59388888888889,171284,171411,id034_r16_171312,-0.0005560017970653863,-0.0007423647264710453,6.076899477394537,0.0,26.0,7.710255947628752,0.7881579442590949,0.5,28.0,73.0,560.0,11.2,0.6,8.0,1,1,-1
id034_r16_171454,34,id034,ID 34,16,CH15.npy,15,1.0,trough,fall,-1,-1,171454,47.62611111111111,171481,47.63361111111111,171405,171555,id034_r16_171454,-0.0005525979235991851,-0.0008046524499840668,7.938136830718978,0.0,27.0,12.858118674116792,0.6173637864066641,0.5,49.0,74.0,560.0,11.2,0.6,8.0,2,0,-1
id034_r16_171597,34,id034,ID 34,16,CH15.npy,15,1.0,trough,fall,-1,-1,171597,47.66583333333333,171621,47.6725,171548,171719,id034_r16_171597,-0.00023276513868797366,-0.0007399874999065581,5.642842214449217,0.0,24.0,10.49886836336178,0.5374714701768445,0.5,49.0,98.0,560.0,11.2,0.6,8.0,1,1,-1
id034_r16_171751,34,id034,ID 34,16,CH15.npy,15,1.0,trough,fall,-1,-1,171751,47.70861111111111,171778,47.71611111111111,171713,171819,id034_r16_171751,-0.000158180888574444,-0.0008217482252137476,7.834650627044137,0.0,27.0,8.083135990064605,0.9692587922155592,0.25,38.0,41.0,560.0,11.2,0.6,8.0,1,1,-1
id034_r16_171903,34,id034,ID 34,16,CH15.npy,15,1.0,trough,fall,-1,-1,171903,47.75083333333333,171930,47.75833333333333,171812,171962,id034_r16_171903,-0.0004526493548075994,-0.0008677278390316623,7.222043528556377,0.0,27.0,7.38785835691802,0.9775557651012118,0.25,91.0,32.0,560.0,11.2,0.6,8.0,1,1,-1
id034_r16_172047,34,id034,ID 34,16,CH15.npy,15,1.0,trough,fall,-1,-1,172047,47.79083333333333,172072,47.797777777777775,171955,172126,id034_r16_172047,-0.0003092173783123542,-0.0007813845931734509,6.798233110005825,0.0,25.0,7.238568539072787,0.9391681619521742,0.5,92.0,54.0,560.0,11.2,0.6,8.0,1,1,-1
id034_r16_172189,34,id034,ID 34,16,CH15.npy,15,1.0,trough,fall,-1,-1,172189,47.83027777777778,172213,47.83694444444444,172120,172258,id034_r16_172189,-0.0006429721005229982,-0.000857098323524097,6.941104634013318,0.0,24.0,7.210775732318986,0.9626016522609362,0.25,69.0,45.0,560.0,11.2,0.6,8.0,1,1,-1
id034_r16_172324,34,id034,ID 34,16,CH15.npy,15,1.0,trough,fall,-1,-1,172324,47.867777777777775,172346,47.87388888888889,172252,172368,id034_r16_172324,-0.0005747699093734404,-0.0009007808518353144,7.62317111635058,0.0,22.0,7.816006709225221,0.9753281183027853,0.125,72.0,22.0,560.0,11.2,0.6,8.0,1,1,-1
id034_r16_172446,34,id034,ID 34,16,CH15.npy,15,1.0,trough,fall,-1,-1,172446,47.901666666666664,172468,47.90777777777778,172362,172500,id034_r16_172446,-0.0001741650443607412,-0.0008291975036562871,7.007151953000168,0.0,22.0,7.142393113535039,0.9810650074302707,0.125,84.0,32.0,560.0,11.2,0.6,8.0,1,1,-1
id034_r16_172567,34,id034,ID 34,16,CH15.npy,15,1.0,trough,fall,-1,-1,172567,47.93527777777778,172588,47.94111111111111,172494,172631,id034_r16_172567,-0.000278961602037775,-0.0007602277387450673,6.177766413312469,0.0,21.0,6.177766413312469,1.0,0.25,73.0,43.0,560.0,11.2,0.6,8.0,1,1,-1
id034_r16_172686,34,id034,ID 34,16,CH15.npy,15,1.0,trough,fall,-1,-1,172686,47.968333333333334,172709,47.97472222222222,172626,172764,id034_r16_172686,-0.00023962102755370474,-0.0007681899932665548,6.6253935930475905,0.0,23.0,7.5819413353728216,0.8738386779830979,0.5,60.0,55.0,560.0,11.2,0.6,8.0,1,1,-1
id034_r16_172806,34,id034,ID 34,16,CH15.npy,15,1.0,trough,fall,-1,-1,172806,48.001666666666665,172823,48.006388888888885,172758,172861,id034_r16_172806,-0.0002012809571769747,-0.0007909493079820695,5.432022531839387,0.0,17.0,5.559603738350738,0.9770521043377098,0.5,48.0,38.0,560.0,11.2,0.6,8.0,1,1,-1
id034_r16_173088,34,id034,ID 34,16,CH15.npy,15,1.0,trough,fall,-1,-1,173088,48.08,173105,48.084722222222226,173077,173147,id034_r16_173088,-0.00045166357202930385,-0.0006231603873991798,4.202696226152547,0.0,17.0,4.54177737515904,0.9253417503770495,0.5,11.0,42.0,560.0,11.2,0.6,8.0,1,1,-1
id034_r16_173166,34,id034,ID 34,16,CH15.npy,15,1.0,trough,fall,-1,-1,173166,48.10166666666667,173181,48.10583333333334,173143,173235,id034_r16_173166,-0.0002938728789823042,-0.0005935893064608067,4.4325259271529305,0.0,15.0,7.640616981775761,0.580126701511841,0.5,23.0,54.0,560.0,11.2,0.6,8.0,1,1,-1
id034_r16_173245,34,id034,ID 34,16,CH15.npy,15,1.0,trough,fall,-1,-1,173245,48.12361111111111,173259,48.1275,173231,173290,id034_r16_173245,-0.00038840245317106614,-0.000544923252510543,3.532866126041423,0.0,14.0,3.96133755331185,0.891836678519808,0.5,14.0,31.0,560.0,11.2,0.6,8.0,1,1,-1
id034_r16_173322,34,id034,ID 34,16,CH15.npy,15,1.0,trough,fall,-1,-1,173322,48.145,173329,48.14694444444444,173286,173366,id034_r16_173322,-0.00044620808398621037,-0.0005639056301642853,2.6924524516172,0.0,7.0,3.680429878064384,0.7315592310736314,0.5,36.0,37.0,560.0,11.2,0.6,8.0,1,1,-1
id035_r16_288397,35,id035,ID 35,16,CH15.npy,15,1.0,trough,fall,-1,-1,288397,80.11027777777778,288434,80.12055555555555,288360,288604,id035_r16_288397,-0.000244283257385014,-0.0009462631389256515,9.914163630679873,0.0,37.0,15.847017523384022,0.6256170043385407,0.5,37.0,170.0,240.0,4.8,0.6,8.0,2,0,-1
id035_r16_288598,35,id035,ID 35,16,CH15.npy,15,1.0,trough,fall,-1,-1,288598,80.1661111111111,288637,80.17694444444444,288595,288735,id035_r16_288598,-0.000557482507034468,-0.0015053303953345143,17.093591522403973,0.0,39.0,17.422489440916955,0.981122220241353,0.5,3.0,98.0,240.0,4.8,0.6,8.0,1,1,-1
id035_r16_288751,35,id035,ID 35,16,CH15.npy,15,1.0,trough,fall,-1,-1,288751,80.20861111111111,288782,80.21722222222222,288725,288853,id035_r16_288751,-0.00011094144471113232,-0.0007568813816138942,7.3063471429821725,0.0,31.0,7.393137900210789,0.9882606332520671,0.5,26.0,71.0,240.0,4.8,0.6,8.0,1,1,-1
id035_r16_288887,35,id035,ID 35,16,CH15.npy,15,1.0,trough,fall,-1,-1,288887,80.24638888888889,288917,80.25472222222223,288845,288993,id035_r16_288887,-0.00018889268119748337,-0.0007043766738932256,6.940347150950821,0.0,30.0,7.0312946752313366,0.9870653231757033,0.5,42.0,76.0,240.0,4.8,0.6,8.0,1,1,-1
id035_r16_289012,35,id035,ID 35,16,CH15.npy,15,1.0,trough,fall,-1,-1,289012,80.28111111111112,289039,80.28861111111111,288985,289102,id035_r16_289012,-0.00045534149451476047,-0.0006640867903984216,6.010354612536961,0.0,27.0,6.314813210462233,0.9517866027421282,0.5,27.0,63.0,240.0,4.8,0.6,8.0,1,1,-1
id035_r16_289128,35,id035,ID 35,16,CH15.npy,15,1.0,trough,fall,-1,-1,289128,80.31333333333333,289154,80.32055555555556,289095,289216,id035_r16_289128,-0.00026513283073037464,-0.0005905014536893294,5.910138111747454,0.0,26.0,6.125126041931939,0.9649006520498189,0.5,33.0,62.0,240.0,4.8,0.6,8.0,1,1,-1
id035_r16_289242,35,id035,ID 35,16,CH15.npy,15,1.0,trough,fall,-1,-1,289242,80.345,289267,80.35194444444444,289210,289331,id035_r16_289242,-0.0004642355405315435,-0.0006329279047201375,5.305988355888136,0.0,25.0,5.529070431595784,0.9596528786407117,0.5,32.0,64.0,240.0,4.8,0.6,8.0,1,1,-1
id035_r16_289355,35,id035,ID 35,16,CH15.npy,15,1.0,trough,fall,-1,-1,289355,80.37638888888888,289379,80.38305555555556,289325,289431,id035_r16_289355,-0.00046202517885118866,-0.0006586723182506748,5.320197721675246,0.0,24.0,5.612912732155806,0.9478497128944077,0.5,30.0,52.0,240.0,4.8,0.6,8.0,1,1,-1
id035_r16_289472,35,id035,ID 35,16,CH15.npy,15,1.0,trough,fall,-1,-1,289472,80.4088888888889,289499,80.41638888888889,289425,289557,id035_r16_289472,-0.00019116002423169576,-0.0006454775172237692,6.113957268729209,0.0,27.0,6.12566060238251,0.9980894577070186,0.5,47.0,58.0,240.0,4.8,0.6,8.0,1,1,-1
id035_r16_289595,35,id035,ID 35,16,CH15.npy,15,1.0,trough,fall,-1,-1,289595,80.44305555555556,289619,80.44972222222222,289550,289686,id035_r16_289595,-0.0005470976318668885,-0.0006609051657746612,6.367668170140561,0.0,24.0,6.888666020084866,0.9243688330330919,0.5,45.0,67.0,240.0,4.8,0.6,8.0,1,1,-1
id035_r16_289723,35,id035,ID 35,16,CH15.npy,15,1.0,trough,fall,-1,-1,289723,80.4786111111111,289749,80.48583333333333,289680,289806,id035_r16_289723,-0.00029575869818709855,-0.0006888828450941631,7.204706278967077,0.0,26.0,7.267474265904461,0.9913631635089701,0.5,43.0,57.0,240.0,4.8,0.6,8.0,1,1,-1
id035_r16_289855,35,id035,ID 35,16,CH15.npy,15,1.0,trough,fall,-1,-1,289855,80.51527777777778,289879,80.52194444444444,289800,289941,id035_r16_289855,-0.0007105451053386336,-0.0007105451053386336,5.475691323271192,0.0,24.0,6.693571078365768,0.8180523160453358,0.5,55.0,62.0,240.0,4.8,0.6,8.0,1,1,-1
id035_r16_289990,35,id035,ID 35,16,CH15.npy,15,1.0,trough,fall,-1,-1,289990,80.55277777777778,290014,80.55944444444444,289935,290081,id035_r16_289990,-0.00042685137026765574,-0.0007518158945161169,7.013215222506641,0.0,24.0,7.292725403649225,0.9616727402072867,0.5,55.0,67.0,240.0,4.8,0.6,8.0,1,1,-1
id035_r16_290128,35,id035,ID 35,16,CH15.npy,15,1.0,trough,fall,-1,-1,290128,80.5911111111111,290149,80.59694444444445,290075,290210,id035_r16_290128,-0.00042502718976389353,-0.0007455234212703221,6.874668532458994,0.0,21.0,7.1602181783307906,0.9601199797603982,0.5,53.0,61.0,240.0,4.8,0.6,8.0,1,1,-1
id035_r16_290260,35,id035,ID 35,16,CH15.npy,15,1.0,trough,fall,-1,-1,290260,80.62777777777778,290279,80.63305555555556,290205,290330,id035_r16_290260,-0.00038597840670595573,-0.0007197186709855252,6.358188205926041,0.0,19.0,6.584776149874738,0.9655891196919416,0.5,55.0,51.0,240.0,4.8,0.6,8.0,1,1,-1
id035_r16_290387,35,id035,ID 35,16,CH15.npy,15,1.0,trough,fall,-1,-1,290387,80.66305555555556,290404,80.66777777777777,290325,290454,id035_r16_290387,-0.00013451719437784782,-0.0007324955117546939,5.908019651096996,0.0,17.0,6.093935551216845,0.9694916530446857,0.5,62.0,50.0,240.0,4.8,0.6,8.0,1,1,-1
id035_r16_290528,35,id035,ID 35,16,CH15.npy,15,1.0,trough,fall,-1,-1,290528,80.70222222222222,290542,80.70611111111111,290450,290626,id035_r16_290528,-0.00015746491828316778,-0.0006992551447966289,4.93298936551767,0.0,14.0,5.377715418255047,0.9173020477752093,0.5,78.0,84.0,240.0,4.8,0.6,8.0,1,1,-1
id035_r16_290783,35,id035,ID 35,16,CH15.npy,15,1.0,trough,fall,-1,-1,290783,80.77305555555556,290797,80.77694444444444,290699,290881,id035_r16_290783,-0.0004515114685135213,-0.0008387504097608911,7.45862999757918,0.0,14.0,8.568868298740373,0.8704334968802825,0.5,84.0,84.0,240.0,4.8,0.6,8.0,1,1,-1
id385_r385_757,385,id385,ID 385,385,Mushroom_260720_0509_4hrs_CH14_fs1_CH00.npy,0,1.0,trough,fall,-1,-1,757,0.21027777777777779,761,0.21138888888888888,733,781,id385_r385_757,-0.001490079178149556,-0.004104574195195526,9.058692013831083,0.0,4.0,9.168199074017613,0.9880557719894116,0.5,24.0,20.0,100.0,2.0,0.6,8.0,1,1,-1
id385_r385_934,385,id385,ID 385,385,Mushroom_260720_0509_4hrs_CH14_fs1_CH00.npy,0,1.0,trough,fall,-1,-1,934,0.2594444444444444,939,0.2608333333333333,904,969,id385_r385_934,-0.004783231424996787,-0.0049944508952121935,11.203059523101356,0.0,5.0,13.87489837036976,0.8074336275518823,0.5,30.0,30.0,100.0,2.0,0.6,8.0,1,1,-1
id385_r385_1696,385,id385,ID 385,385,Mushroom_260720_0509_4hrs_CH14_fs1_CH00.npy,0,1.0,trough,fall,-1,-1,1696,0.4711111111111111,1701,0.4725,1666,1717,id385_r385_1696,-0.0017854049062504262,-0.0041773224650894225,9.225315065849616,0.0,5.0,9.225315065849616,1.0,0.5,30.0,16.0,100.0,2.0,0.6,8.0,1,1,-1
id385_r385_2374,385,id385,ID 385,385,Mushroom_260720_0509_4hrs_CH14_fs1_CH00.npy,0,1.0,trough,fall,-1,-1,2374,0.6594444444444445,2380,0.6611111111111111,2338,2416,id385_r385_2374,-0.0008044189426770765,-0.00507620793439853,13.675939347909782,0.0,6.0,13.946055160821258,0.9806313821509675,0.5,36.0,36.0,100.0,2.0,0.6,8.0,1,1,-1
id385_r385_3588,385,id385,ID 385,385,Mushroom_260720_0509_4hrs_CH14_fs1_CH00.npy,0,1.0,trough,fall,-1,-1,3588,0.9966666666666667,3593,0.9980555555555556,3558,3611,id385_r385_3588,-0.0007797979424766233,-0.0037042418290631485,9.435360997915755,0.0,5.0,9.435360997915755,1.0,0.5,30.0,18.0,100.0,2.0,0.6,8.0,1,1,-1
id385_r385_3776,385,id385,ID 385,385,Mushroom_260720_0509_4hrs_CH14_fs1_CH00.npy,0,1.0,trough,fall,-1,-1,3776,1.048888888888889,3781,1.0502777777777779,3746,3811,id385_r385_3776,-0.004351316124667437,-0.005306780950190965,11.919761431823106,0.0,5.0,13.825787725979755,0.8621397686748022,0.5,30.0,30.0,100.0,2.0,0.6,8.0,1,1,-1
id385_r385_4528,385,id385,ID 385,385,Mushroom_260720_0509_4hrs_CH14_fs1_CH00.npy,0,1.0,trough,fall,-1,-1,4528,1.2577777777777779,4533,1.2591666666666668,4498,4549,id385_r385_4528,-0.0018382147307502428,-0.004206857065135627,9.093199746589564,0.0,5.0,9.093199746589564,1.0,0.5,30.0,16.0,100.0,2.0,0.6,8.0,1,1,-1
id385_r385_5164,385,id385,ID 385,385,Mushroom_260720_0509_4hrs_CH14_fs1_CH00.npy,0,1.0,trough,fall,-1,-1,5164,1.4344444444444444,5170,1.4361111111111111,5128,5206,id385_r385_5164,-0.0015293264901712067,-0.005315702235635794,13.761983912330356,0.0,6.0,14.00056222521301,0.9829593762704038,0.5,36.0,36.0,100.0,2.0,0.6,8.0,1,1,-1
id385_r385_5467,385,id385,ID 385,385,Mushroom_260720_0509_4hrs_CH14_fs1_CH00.npy,0,1.0,trough,fall,-1,-1,5467,1.5186111111111111,5471,1.5197222222222222,5443,5487,id385_r385_5467,-0.0024038115110981417,-0.004154532042057013,8.63673167861534,0.0,4.0,9.07683537549775,0.9515135310187031,0.5,24.0,16.0,100.0,2.0,0.6,8.0,2,0,-1
id385_r385_6364,385,id385,ID 385,385,Mushroom_260720_0509_4hrs_CH14_fs1_CH00.npy,0,1.0,trough,fall,-1,-1,6364,1.7677777777777777,6367,1.7686111111111111,6346,6385,id385_r385_6364,-0.002778600483278937,-0.004095870405357499,8.201784846687655,0.0,3.0,9.105200652665902,0.9007802419253949,0.5,18.0,18.0,100.0,2.0,0.6,8.0,1,1,-1
id385_r385_6508,385,id385,ID 385,385,Mushroom_260720_0509_4hrs_CH14_fs1_CH00.npy,0,1.0,trough,fall,-1,-1,6508,1.8077777777777777,6514,1.8094444444444444,6472,6550,id385_r385_6508,-0.003653654634756781,-0.00543327847598607,12.727125031711806,0.0,6.0,13.720028745472568,0.927631076276833,0.5,36.0,36.0,100.0,2.0,0.6,8.0,1,1,-1
id385_r385_7288,385,id385,ID 385,385,Mushroom_260720_0509_4hrs_CH14_fs1_CH00.npy,0,1.0,trough,fall,-1,-1,7288,2.0244444444444443,7293,2.0258333333333334,7288,7313,id385_r385_7288,-0.0015250069274977684,-0.0041073264491202355,9.568041980058673,0.0,5.0,9.568041980058673,1.0,0.05,0.0,20.0,100.0,2.0,0.6,8.0,1,1,-1
id385_r385_7888,385,id385,ID 385,385,Mushroom_260720_0509_4hrs_CH14_fs1_CH00.npy,0,1.0,trough,fall,-1,-1,7888,2.1911111111111112,7893,2.1925,7858,7923,id385_r385_7888,-0.00462774414515299,-0.005116011613604671,11.517900308545492,0.0,5.0,13.986982624568823,0.8234728402617542,0.5,30.0,30.0,100.0,2.0,0.6,8.0,1,1,-1
id385_r385_8183,385,id385,ID 385,385,Mushroom_260720_0509_4hrs_CH14_fs1_CH00.npy,0,1.0,trough,fall,-1,-1,8183,2.2730555555555556,8187,2.2741666666666664,8159,8211,id385_r385_8183,-0.0028980163556422966,-0.00406951982098025,8.390721034006955,0.0,4.0,9.138958751477356,0.9181265899302319,0.5,24.0,24.0,100.0,2.0,0.6,8.0,1,1,-1
id385_r385_9122,385,id385,ID 385,385,Mushroom_260720_0509_4hrs_CH14_fs1_CH00.npy,0,1.0,trough,fall,-1,-1,9122,2.533888888888889,9127,2.535277777777778,9122,9149,id385_r385_9122,-0.0018634289991844577,-0.004190464535660271,9.530007025194742,0.0,5.0,9.530007025194742,1.0,0.02,0.0,22.0,100.0,2.0,0.6,8.0,1,1,-1
id385_r385_9268,385,id385,ID 385,385,Mushroom_260720_0509_4hrs_CH14_fs1_CH00.npy,0,1.0,trough,fall,-1,-1,9268,2.5744444444444445,9273,2.575833333333333,9238,9303,id385_r385_9268,-0.005723020017792513,-0.005723020017792513,7.9566279103447375,0.0,5.0,13.758437285808888,0.5783089856107121,0.5,30.0,30.0,100.0,2.0,0.6,8.0,2,0,-1
id385_r385_10036,385,id385,ID 385,385,Mushroom_260720_0509_4hrs_CH14_fs1_CH00.npy,0,1.0,trough,fall,-1,-1,10036,2.787777777777778,10039,2.788611111111111,10018,10055,id385_r385_10036,-0.002880466639153839,-0.004140133978830729,8.355797270542753,0.0,3.0,9.308826643576019,0.8976208914910939,0.5,18.0,16.0,100.0,2.0,0.6,8.0,1,1,-1
id385_r385_10676,385,id385,ID 385,385,Mushroom_260720_0509_4hrs_CH14_fs1_CH00.npy,0,1.0,trough,fall,-1,-1,10676,2.9655555555555555,10681,2.9669444444444446,10646,10711,id385_r385_10676,-0.005630810139079678,-0.005630810139079678,9.57766225661516,0.0,5.0,14.217872074958947,0.6736354221025592,0.5,30.0,30.0,100.0,2.0,0.6,8.0,1,1,-1
id385_r385_10986,385,id385,ID 385,385,Mushroom_260720_0509_4hrs_CH14_fs1_CH00.npy,0,1.0,trough,fall,-1,-1,10986,3.0516666666666667,10991,3.0530555555555554,10956,11013,id385_r385_10986,-0.000935551629277831,-0.0038649712622120524,9.558825420562078,0.0,5.0,9.558825420562078,1.0,0.5,30.0,22.0,100.0,2.0,0.6,8.0,1,1,-1
id385_r385_11938,385,id385,ID 385,385,Mushroom_260720_0509_4hrs_CH14_fs1_CH00.npy,0,1.0,trough,fall,-1,-1,11938,3.3161111111111112,11943,3.3175,11908,11961,id385_r385_11938,-0.000476476669296233,-0.00385661835522641,9.485375917342498,0.0,5.0,9.485375917342498,1.0,0.5,30.0,18.0,100.0,2.0,0.6,8.0,1,1,-1
id385_r385_12088,385,id385,ID 385,385,Mushroom_260720_0509_4hrs_CH14_fs1_CH00.npy,0,1.0,trough,fall,-1,-1,12088,3.3577777777777778,12093,3.359166666666667,12058,12123,id385_r385_12088,-0.0049407987203793635,-0.005081963821971375,11.388935999083083,0.0,5.0,14.174236158231823,0.8034955726675155,0.5,30.0,30.0,100.0,2.0,0.6,8.0,1,1,-1
id385_r385_12864,385,id385,ID 385,385,Mushroom_260720_0509_4hrs_CH14_fs1_CH00.npy,0,1.0,trough,fall,-1,-1,12864,3.5733333333333333,12869,3.5747222222222224,12864,12885,id385_r385_12864,-0.00197487905573146,-0.004242099450765036,9.331995460881537,0.0,5.0,9.331995460881537,1.0,0.02,0.0,16.0,100.0,2.0,0.6,8.0,1,1,-1
id385_r385_13484,385,id385,ID 385,385,Mushroom_260720_0509_4hrs_CH14_fs1_CH00.npy,0,1.0,trough,fall,-1,-1,13484,3.7455555555555557,13490,3.7472222222222222,13448,13526,id385_r385_13484,-0.0020913595266134344,-0.005710097733829161,14.045454103169263,0.0,6.0,14.230078658283961,0.9870257530159736,0.5,36.0,36.0,100.0,2.0,0.6,8.0,1,1,-1
id385_r385_13820,385,id385,ID 385,385,Mushroom_260720_0509_4hrs_CH14_fs1_CH00.npy,0,1.0,trough,fall,-1,-1,13820,3.838888888888889,13825,3.8402777777777777,13790,13847,id385_r385_13820,-0.0007587710333752662,-0.0037315564848527105,9.612082224396135,0.0,5.0,9.612082224396135,1.0,0.5,30.0,22.0,100.0,2.0,0.6,8.0,2,0,-1
